Sample,Datetime,Mode,Mean_volume,Mean_surface,Mean_inclusive,SD,SD_inclusive,Skewness,Kurtosis,0.02,0.02244,0.025179,0.028251,0.031698,0.035566,0.039905,0.044774,0.050238,0.056368,0.063246,0.070963,0.079621,0.089337,0.100237,0.112468,0.126191,0.141589,0.158866,0.17825,0.2,0.224404,0.251785,0.282508,0.316979,0.355656,0.399052,0.447744,0.502377,0.563677,0.632456,0.709627,0.796214,0.893367,1.002374,1.124683,1.261915,1.415892,1.588656,1.782502,2,2.244037,2.517851,2.825075,3.169786,3.556559,3.990525,4.477442,5.023773,5.636766,6.324555,7.096268,7.962143,8.933672,10.023745,11.246826,12.619147,14.158916,15.886565,17.825019,20,22.440369,25.178508,28.250751,31.697864,35.565588,39.905246,44.774423,50.237729,56.367659,63.245553,70.962678,79.621434,89.336718,100.237447,112.468265,126.191469,141.589157,158.865647,178.250188,200,224.403691,251.785082,282.507509,316.978638,355.655882,399.052463,447.744228,502.377286,563.676586,632.455532,709.626778,796.214341,893.367184,1002.374467,1124.68265,1261.914689,1415.891569,1588.656469,1782.501876,2000
C_1_1_21,"Friday, 22 August 2025 10:54:22 AM",523.47,562.85,476.538,Inclusive Mean =  .95 phi (Coarse Sand),Standard Deviation =  232.28 um =  2.11phi,Inclusive SD (Sorting Coeff.) =  .6 phi (Moderately Well Sorted),Inclusive Skewness =  .01 (Near Symmetrical),Inclusive Kurtosis = .93 phi (Mesokurtic),NA,0,0,0,0,0,0,0,0,0,0,0,0,0,0,0,0,0,0,0,0,0,0,0,0,0,0,0,0,0,0,0,0,0,0,0,0,0,0,0,0,0,0,0,0,0,0,0,0,0,0,0,0,0,0,0,0,0,0,0,0,0,0,0,0,0,0,0,0,0,0,0,0,0,0,0,0,0,0,0,0.391212,1.183581,2.258746,3.627999,5.150251,6.74675,8.188072,9.359896,10.085929,10.284167,9.919939,9.04765,7.743093,6.198875,4.53586,2.976163,1.629169,0.622964,0.049684,0,0
C_1_1_21,"Friday, 22 August 2025 10:55:30 AM",527.965,569.438,480.128,Inclusive Mean =  .93 phi (Coarse Sand),Standard Deviation =  238.07 um =  2.07phi,Inclusive SD (Sorting Coeff.) =  .61 phi (Moderately Well Sorted),Inclusive Skewness =  .01 (Near Symmetrical),Inclusive Kurtosis = .93 phi (Mesokurtic),NA,0,0,0,0,0,0,0,0,0,0,0,0,0,0,0,0,0,0,0,0,0,0,0,0,0,0,0,0,0,0,0,0,0,0,0,0,0,0,0,0,0,0,0,0,0,0,0,0,0,0,0,0,0,0,0,0,0,0,0,0,0,0,0,0,0,0,0,0,0,0,0,0,0,0,0,0,0,0,0,0.403004,1.181419,2.227131,3.564881,5.051429,6.614633,8.032957,9.197112,9.935571,10.167265,9.854556,9.04495,7.806823,6.320922,4.7057,3.162802,1.82372,0.824851,0.080274,0,0
C_1_1_21,"Friday, 22 August 2025 10:56:37 AM",531.993,570.6,482.796,Inclusive Mean =  .93 phi (Coarse Sand),Standard Deviation =  235.54 um =  2.09phi,Inclusive SD (Sorting Coeff.) =  .61 phi (Moderately Well Sorted),Inclusive Skewness =  .01 (Near Symmetrical),Inclusive Kurtosis = .93 phi (Mesokurtic),NA,0,0,0,0,0,0,0,0,0,0,0,0,0,0,0,0,0,0,0,0,0,0,0,0,0,0,0,0,0,0,0,0,0,0,0,0,0,0,0,0,0,0,0,0,0,0,0,0,0,0,0,0,0,0,0,0,0,0,0,0,0,0,0,0,0,0,0,0,0,0,0,0,0,0,0,0,0,0,0,0.343991,1.093564,2.133259,3.462197,4.957556,6.54441,7.9992,9.209779,9.996368,10.270104,9.985112,9.183198,7.93078,6.411733,4.74795,3.159809,1.774047,0.732471,0.06447,0,0
C_1_1_21 - Average,"Friday, 22 August 2025 10:54:22 AM",527.8,567.63,479.807,Inclusive Mean =  .94 phi (Coarse Sand),Standard Deviation =  235.33 um =  2.09phi,Inclusive SD (Sorting Coeff.) =  .61 phi (Moderately Well Sorted),Inclusive Skewness =  .01 (Near Symmetrical),Inclusive Kurtosis = .93 phi (Mesokurtic),NA,0,0,0,0,0,0,0,0,0,0,0,0,0,0,0,0,0,0,0,0,0,0,0,0,0,0,0,0,0,0,0,0,0,0,0,0,0,0,0,0,0,0,0,0,0,0,0,0,0,0,0,0,0,0,0,0,0,0,0,0,0,0,0,0,0,0,0,0,0,0,0,0,0,0,0,0,0,0,0,0.379402,1.152855,2.206379,3.551692,5.053079,6.635265,8.07341,9.255596,10.005957,10.240512,9.919869,9.091933,7.826899,6.31051,4.66317,3.099591,1.742312,0.726762,0.064809,0,0
C_1_1_20,"Friday, 22 August 2025 11:06:07 AM",551.398,600.924,502.592,Inclusive Mean =  .86 phi (Coarse Sand),Standard Deviation =  259.56 um =  1.95phi,Inclusive SD (Sorting Coeff.) =  .62 phi (Moderately Well Sorted),Inclusive Skewness =  0 (Near Symmetrical),Inclusive Kurtosis = .94 phi (Mesokurtic),NA,0,0,0,0,0,0,0,0,0,0,0,0,0,0,0,0,0,0,0,0,0,0,0,0,0,0,0,0,0,0,0,0,0,0,0,0,0,0,0,0,0,0,0,0,0,0,0,0,0,0,0,0,0,0,0,0,0,0,0,0,0,0,0,0,0,0,0,0,0,0,0,0,0,0,0,0,0,0,0,0.247814,0.896456,1.841008,3.059212,4.464333,5.990455,7.431202,8.682902,9.566818,9.987724,9.884825,9.277901,8.216848,6.860176,5.317891,3.804074,2.429499,1.331253,0.581843,0.127765,0
C_1_1_20,"Friday, 22 August 2025 11:07:14 AM",547.372,603.881,502.079,Inclusive Mean =  .86 phi (Coarse Sand),Standard Deviation =  267.53 um =  1.9phi,Inclusive SD (Sorting Coeff.) =  .63 phi (Moderately Well Sorted),Inclusive Skewness = -0.01 (Near Symmetrical),Inclusive Kurtosis = .94 phi (Mesokurtic),NA,0,0,0,0,0,0,0,0,0,0,0,0,0,0,0,0,0,0,0,0,0,0,0,0,0,0,0,0,0,0,0,0,0,0,0,0,0,0,0,0,0,0,0,0,0,0,0,0,0,0,0,0,0,0,0,0,0,0,0,0,0,0,0,0,0,0,0,0,0,0,0,0,0,0,0,0,0,0,0,0.26997,0.936945,1.892798,3.119719,4.522211,6.032469,7.444065,8.654805,9.492606,9.870422,9.737716,9.122604,8.079676,6.765439,5.283055,3.832506,2.511644,1.444761,0.704362,0.219722,0.062505
C_1_1_20,"Friday, 22 August 2025 11:08:22 AM",556.04,615.206,509.283,Inclusive Mean =  .84 phi (Coarse Sand),Standard Deviation =  276.41 um =  1.86phi,Inclusive SD (Sorting Coeff.) =  .64 phi (Moderately Well Sorted),Inclusive Skewness = -0.01 (Near Symmetrical),Inclusive Kurtosis = .94 phi (Mesokurtic),NA,0,0,0,0,0,0,0,0,0,0,0,0,0,0,0,0,0,0,0,0,0,0,0,0,0,0,0,0,0,0,0,0,0,0,0,0,0,0,0,0,0,0,0,0,0,0,0,0,0,0,0,0,0,0,0,0,0,0,0,0,0,0,0,0,0,0,0,0,0,0,0,0,0,0,0,0,0,0,0,0.251249,0.885866,1.803166,2.986505,4.348883,5.82836,7.227002,8.447338,9.319433,9.75411,9.694007,9.156547,8.187293,6.930797,5.48576,4.049195,2.720539,1.628081,0.855885,0.316175,0.12381
C_1_1_20 - Average,"Friday, 22 August 2025 11:06:07 AM",551.553,606.67,504.63,Inclusive Mean =  .86 phi (Coarse Sand),Standard Deviation =  267.99 um =  1.9phi,Inclusive SD (Sorting Coeff.) =  .63 phi (Moderately Well Sorted),Inclusive Skewness =  0 (Near Symmetrical),Inclusive Kurtosis = .94 phi (Mesokurtic),NA,0,0,0,0,0,0,0,0,0,0,0,0,0,0,0,0,0,0,0,0,0,0,0,0,0,0,0,0,0,0,0,0,0,0,0,0,0,0,0,0,0,0,0,0,0,0,0,0,0,0,0,0,0,0,0,0,0,0,0,0,0,0,0,0,0,0,0,0,0,0,0,0,0,0,0,0,0,0,0,0.256344,0.906422,1.845658,3.055145,4.445142,5.950427,7.367423,8.595015,9.459619,9.870752,9.772183,9.185684,8.161272,6.852137,5.362236,3.895258,2.553894,1.468032,0.71403,0.221328,0.061998
C_1_1_19,"Friday, 22 August 2025 11:21:29 AM",536.177,571.628,491.896,Inclusive Mean =  .91 phi (Coarse Sand),Standard Deviation =  224.02 um =  2.16phi,Inclusive SD (Sorting Coeff.) =  .57 phi (Moderately Well Sorted),Inclusive Skewness =  .01 (Near Symmetrical),Inclusive Kurtosis = .94 phi (Mesokurtic),NA,0,0,0,0,0,0,0,0,0,0,0,0,0,0,0,0,0,0,0,0,0,0,0,0,0,0,0,0,0,0,0,0,0,0,0,0,0,0,0,0,0,0,0,0,0,0,0,0,0,0,0,0,0,0,0,0,0,0,0,0,0,0,0,0,0,0,0,0,0,0,0,0,0,0,0,0,0,0,0,0.17606,0.72195,1.634823,2.928795,4.518085,6.320161,8.060036,9.570418,10.593496,10.985555,10.673265,9.713317,8.211707,6.42764,4.545329,2.845814,1.473149,0.555402,0.044998,0,0
C_1_1_19,"Friday, 22 August 2025 11:22:36 AM",532.758,568.742,489.248,Inclusive Mean =  .92 phi (Coarse Sand),Standard Deviation =  223.36 um =  2.16phi,Inclusive SD (Sorting Coeff.) =  .57 phi (Moderately Well Sorted),Inclusive Skewness =  .01 (Near Symmetrical),Inclusive Kurtosis = .94 phi (Mesokurtic),NA,0,0,0,0,0,0,0,0,0,0,0,0,0,0,0,0,0,0,0,0,0,0,0,0,0,0,0,0,0,0,0,0,0,0,0,0,0,0,0,0,0,0,0,0,0,0,0,0,0,0,0,0,0,0,0,0,0,0,0,0,0,0,0,0,0,0,0,0,0,0,0,0,0,0,0,0,0,0,0,0.191478,0.756027,1.687689,3.001927,4.605614,6.412797,8.145211,9.634693,10.625789,10.979131,10.627891,9.635842,8.114243,6.326397,4.456075,2.779746,1.434759,0.540809,0.043883,0,0
C_1_1_19,"Friday, 22 August 2025 11:23:44 AM",535.127,571.807,491.53,Inclusive Mean =  .91 phi (Coarse Sand),Standard Deviation =  225.2 um =  2.15phi,Inclusive SD (Sorting Coeff.) =  .57 phi (Moderately Well Sorted),Inclusive Skewness =  .01 (Near Symmetrical),Inclusive Kurtosis = .94 phi (Mesokurtic),NA,0,0,0,0,0,0,0,0,0,0,0,0,0,0,0,0,0,0,0,0,0,0,0,0,0,0,0,0,0,0,0,0,0,0,0,0,0,0,0,0,0,0,0,0,0,0,0,0,0,0,0,0,0,0,0,0,0,0,0,0,0,0,0,0,0,0,0,0,0,0,0,0,0,0,0,0,0,0,0,0.182188,0.733842,1.651123,2.949095,4.539274,6.338196,8.070501,9.569223,10.578457,10.956945,10.634393,9.670235,8.172235,6.399823,4.537057,2.857122,1.504745,0.602765,0.052781,0,0
C_1_1_19 - Average,"Friday, 22 August 2025 11:21:29 AM",534.687,570.725,490.889,Inclusive Mean =  .92 phi (Coarse Sand),Standard Deviation =  224.2 um =  2.16phi,Inclusive SD (Sorting Coeff.) =  .57 phi (Moderately Well Sorted),Inclusive Skewness =  .01 (Near Symmetrical),Inclusive Kurtosis = .94 phi (Mesokurtic),NA,0,0,0,0,0,0,0,0,0,0,0,0,0,0,0,0,0,0,0,0,0,0,0,0,0,0,0,0,0,0,0,0,0,0,0,0,0,0,0,0,0,0,0,0,0,0,0,0,0,0,0,0,0,0,0,0,0,0,0,0,0,0,0,0,0,0,0,0,0,0,0,0,0,0,0,0,0,0,0,0.183242,0.737273,1.657879,2.959939,4.554324,6.357051,8.091916,9.591445,10.599247,10.973877,10.645183,9.673131,8.166062,6.38462,4.51282,2.82756,1.470884,0.566325,0.047221,0,0
C_1_1_18,"Friday, 22 August 2025 11:32:41 AM",550.162,585.607,505.11,Inclusive Mean =  .88 phi (Coarse Sand),Standard Deviation =  227.56 um =  2.14phi,Inclusive SD (Sorting Coeff.) =  .57 phi (Moderately Well Sorted),Inclusive Skewness =  .01 (Near Symmetrical),Inclusive Kurtosis = .94 phi (Mesokurtic),NA,0,0,0,0,0,0,0,0,0,0,0,0,0,0,0,0,0,0,0,0,0,0,0,0,0,0,0,0,0,0,0,0,0,0,0,0,0,0,0,0,0,0,0,0,0,0,0,0,0,0,0,0,0,0,0,0,0,0,0,0,0,0,0,0,0,0,0,0,0,0,0,0,0,0,0,0,0,0,0,0.102289,0.473818,1.396275,2.572384,4.121605,5.918151,7.701613,9.311887,10.475674,11.030812,10.876143,10.041086,8.61425,6.844535,4.924823,3.147741,1.687595,0.696471,0.062847,0,0
C_1_1_18,"Friday, 22 August 2025 11:33:48 AM",554.106,590.44,508.223,Inclusive Mean =  .87 phi (Coarse Sand),Standard Deviation =  231.31 um =  2.11phi,Inclusive SD (Sorting Coeff.) =  .57 phi (Moderately Well Sorted),Inclusive Skewness =  .01 (Near Symmetrical),Inclusive Kurtosis = .94 phi (Mesokurtic),NA,0,0,0,0,0,0,0,0,0,0,0,0,0,0,0,0,0,0,0,0,0,0,0,0,0,0,0,0,0,0,0,0,0,0,0,0,0,0,0,0,0,0,0,0,0,0,0,0,0,0,0,0,0,0,0,0,0,0,0,0,0,0,0,0,0,0,0,0,0,0,0,0,0,0,0,0,0,0,0,0.104496,0.468424,1.37091,2.523031,4.043898,5.81354,7.579139,9.185786,10.364406,10.952875,10.845532,10.063154,8.686293,6.953816,5.053284,3.27886,1.80124,0.775825,0.129379,0.006112,0
C_1_1_18,"Friday, 22 August 2025 11:34:56 AM",553.511,591.348,509.084,Inclusive Mean =  .86 phi (Coarse Sand),Standard Deviation =  232.06 um =  2.11phi,Inclusive SD (Sorting Coeff.) =  .57 phi (Moderately Well Sorted),Inclusive Skewness =  .01 (Near Symmetrical),Inclusive Kurtosis = .94 phi (Mesokurtic),NA,0,0,0,0,0,0,0,0,0,0,0,0,0,0,0,0,0,0,0,0,0,0,0,0,0,0,0,0,0,0,0,0,0,0,0,0,0,0,0,0,0,0,0,0,0,0,0,0,0,0,0,0,0,0,0,0,0,0,0,0,0,0,0,0,0,0,0,0,0,0,0,0,0,0,0,0,0,0,0,0.087663,0.44574,1.343343,2.498043,4.025454,5.805776,7.583002,9.199215,10.382231,10.968619,10.853869,10.062215,8.678253,6.944721,5.050378,3.286465,1.819922,0.800899,0.148721,0.015472,0
C_1_1_18 - Average,"Friday, 22 August 2025 11:32:41 AM",552.579,589.132,507.467,Inclusive Mean =  .87 phi (Coarse Sand),Standard Deviation =  230.33 um =  2.12phi,Inclusive SD (Sorting Coeff.) =  .57 phi (Moderately Well Sorted),Inclusive Skewness =  .01 (Near Symmetrical),Inclusive Kurtosis = .94 phi (Mesokurtic),NA,0,0,0,0,0,0,0,0,0,0,0,0,0,0,0,0,0,0,0,0,0,0,0,0,0,0,0,0,0,0,0,0,0,0,0,0,0,0,0,0,0,0,0,0,0,0,0,0,0,0,0,0,0,0,0,0,0,0,0,0,0,0,0,0,0,0,0,0,0,0,0,0,0,0,0,0,0,0,0,0.09815,0.46266,1.370176,2.531153,4.063652,5.845822,7.621251,9.232296,10.407437,10.9841,10.85852,10.055475,8.659598,6.914435,5.0092,3.238299,1.769383,0.754149,0.124244,0,0
C_1_1_17,"Friday, 22 August 2025 11:43:38 AM",544.987,580.939,500.389,Inclusive Mean =  .89 phi (Coarse Sand),Standard Deviation =  226.95 um =  2.14phi,Inclusive SD (Sorting Coeff.) =  .57 phi (Moderately Well Sorted),Inclusive Skewness =  .01 (Near Symmetrical),Inclusive Kurtosis = .94 phi (Mesokurtic),NA,0,0,0,0,0,0,0,0,0,0,0,0,0,0,0,0,0,0,0,0,0,0,0,0,0,0,0,0,0,0,0,0,0,0,0,0,0,0,0,0,0,0,0,0,0,0,0,0,0,0,0,0,0,0,0,0,0,0,0,0,0,0,0,0,0,0,0,0,0,0,0,0,0,0,0,0,0,0,0,0.109922,0.597234,1.464217,2.707566,4.265976,6.062356,7.828632,9.399124,10.508852,11.002419,10.789655,9.910577,8.460475,6.691711,4.793721,3.05147,1.628745,0.667521,0.059828,0,0
C_1_1_17,"Friday, 22 August 2025 1:27:18 PM",539.793,575.417,495.942,Inclusive Mean =  .9 phi (Coarse Sand),Standard Deviation =  224.43 um =  2.16phi,Inclusive SD (Sorting Coeff.) =  .57 phi (Moderately Well Sorted),Inclusive Skewness =  .01 (Near Symmetrical),Inclusive Kurtosis = .94 phi (Mesokurtic),NA,0,0,0,0,0,0,0,0,0,0,0,0,0,0,0,0,0,0,0,0,0,0,0,0,0,0,0,0,0,0,0,0,0,0,0,0,0,0,0,0,0,0,0,0,0,0,0,0,0,0,0,0,0,0,0,0,0,0,0,0,0,0,0,0,0,0,0,0,0,0,0,0,0,0,0,0,0,0,0,0.13064,0.6417,1.533123,2.805826,4.389985,6.204458,7.974443,9.529978,10.604641,11.045342,10.769209,9.827429,8.325673,6.527887,4.626044,2.906174,1.517878,0.589838,0.049729,0,0
C_1_1_17,"Friday, 22 August 2025 1:28:06 PM",539.347,577.166,496.505,Inclusive Mean =  .9 phi (Coarse Sand),Standard Deviation =  227 um =  2.14phi,Inclusive SD (Sorting Coeff.) =  .57 phi (Moderately Well Sorted),Inclusive Skewness =  .01 (Near Symmetrical),Inclusive Kurtosis = .94 phi (Mesokurtic),NA,0,0,0,0,0,0,0,0,0,0,0,0,0,0,0,0,0,0,0,0,0,0,0,0,0,0,0,0,0,0,0,0,0,0,0,0,0,0,0,0,0,0,0,0,0,0,0,0,0,0,0,0,0,0,0,0,0,0,0,0,0,0,0,0,0,0,0,0,0,0,0,0,0,0,0,0,0,0,0,0.13112,0.646222,1.542121,2.816421,4.397507,6.202358,7.956991,9.493587,10.550511,10.979797,10.703177,9.7738,8.296727,6.530842,4.664411,2.969371,1.599628,0.681567,0.063842,0,0
C_1_1_17,"Friday, 22 August 2025 1:28:54 PM",543.703,583.665,501.046,Inclusive Mean =  .89 phi (Coarse Sand),Standard Deviation =  231.83 um =  2.11phi,Inclusive SD (Sorting Coeff.) =  .58 phi (Moderately Well Sorted),Inclusive Skewness =  .01 (Near Symmetrical),Inclusive Kurtosis = .94 phi (Mesokurtic),NA,0,0,0,0,0,0,0,0,0,0,0,0,0,0,0,0,0,0,0,0,0,0,0,0,0,0,0,0,0,0,0,0,0,0,0,0,0,0,0,0,0,0,0,0,0,0,0,0,0,0,0,0,0,0,0,0,0,0,0,0,0,0,0,0,0,0,0,0,0,0,0,0,0,0,0,0,0,0,0,0.116218,0.60923,1.479507,2.724071,4.27848,6.063917,7.812091,9.358159,10.441562,10.913005,10.689989,9.818063,8.395121,6.669526,4.822506,3.128078,1.734272,0.771842,0.153308,0.021056,0
C_1_1_17 - Average,"Friday, 22 August 2025 11:43:38 AM",NA,579.297,498.46,NA,NA,NA,NA,NA,NA,0,0,0,0,0,0,0,0,0,0,0,0,0,0,0,0,0,0,0,0,0,0,0,0,0,0,0,0,0,0,0,0,0,0,0,0,0,0,0,0,0,0,0,0,0,0,0,0,0,0,0,0,0,0,0,0,0,0,0,0,0,0,0,0,0,0,0,0,0,0,0,0,0,0,0,0,0,0,0,0.121975,0.623596,1.504742,2.763471,4.332987,6.133273,7.893039,9.445213,10.526391,10.985138,10.738019,9.832447,8.369496,6.605153,4.726055,3.015047,1.619706,0.670221,0.094031,0,0
C_1_1_16,"Friday, 22 August 2025 1:45:04 PM",532.65,565.715,480.99,Inclusive Mean =  .94 phi (Coarse Sand),Standard Deviation =  228.91 um =  2.13phi,Inclusive SD (Sorting Coeff.) =  .6 phi (Moderately Well Sorted),Inclusive Skewness =  .02 (Near Symmetrical),Inclusive Kurtosis = .93 phi (Mesokurtic),NA,0,0,0,0,0,0,0,0,0,0,0,0,0,0,0,0,0,0,0,0,0,0,0,0,0,0,0,0,0,0,0,0,0,0,0,0,0,0,0,0,0,0,0,0,0,0,0,0,0,0,0,0,0,0,0,0,0,0,0,0,0,0,0,0,0,0,0,0,0,0,0,0,0,0,0,0,0,0,0,0.327559,1.079473,2.131885,3.472141,4.983826,6.590238,8.066237,9.298718,10.104128,10.389392,10.10321,9.282601,7.991369,6.416583,4.677977,3.030422,1.575428,0.458913,0.0199,0,0
C_1_1_16,"Friday, 22 August 2025 1:46:11 PM",532.83,563.916,487.791,Inclusive Mean =  .93 phi (Coarse Sand),Standard Deviation =  216.34 um =  2.21phi,Inclusive SD (Sorting Coeff.) =  .56 phi (Moderately Well Sorted),Inclusive Skewness =  .02 (Near Symmetrical),Inclusive Kurtosis = .94 phi (Mesokurtic),NA,0,0,0,0,0,0,0,0,0,0,0,0,0,0,0,0,0,0,0,0,0,0,0,0,0,0,0,0,0,0,0,0,0,0,0,0,0,0,0,0,0,0,0,0,0,0,0,0,0,0,0,0,0,0,0,0,0,0,0,0,0,0,0,0,0,0,0,0,0,0,0,0,0,0,0,0,0,0,0,0.164511,0.718145,1.65497,2.98021,4.60913,6.453915,8.230661,9.765298,10.7912,11.158836,10.79287,9.755027,8.16003,6.286111,4.328344,2.596573,1.220058,0.32364,0.010471,0,0
C_1_1_16,"Friday, 22 August 2025 1:47:19 PM",531.662,563.979,487.634,Inclusive Mean =  .93 phi (Coarse Sand),Standard Deviation =  216.95 um =  2.2phi,Inclusive SD (Sorting Coeff.) =  .56 phi (Moderately Well Sorted),Inclusive Skewness =  .01 (Near Symmetrical),Inclusive Kurtosis = .94 phi (Mesokurtic),NA,0,0,0,0,0,0,0,0,0,0,0,0,0,0,0,0,0,0,0,0,0,0,0,0,0,0,0,0,0,0,0,0,0,0,0,0,0,0,0,0,0,0,0,0,0,0,0,0,0,0,0,0,0,0,0,0,0,0,0,0,0,0,0,0,0,0,0,0,0,0,0,0,0,0,0,0,0,0,0,0.158884,0.714929,1.659704,2.992837,4.628999,6.476884,8.250292,9.7748,10.78581,11.137886,10.760924,9.720358,8.131917,6.271128,4.328916,2.608913,1.239305,0.344378,0.013137,0,0
C_1_1_16 - Average,"Friday, 22 August 2025 1:45:04 PM",532.36,564.537,485.451,Inclusive Mean =  .93 phi (Coarse Sand),Standard Deviation =  220.81 um =  2.18phi,Inclusive SD (Sorting Coeff.) =  .57 phi (Moderately Well Sorted),Inclusive Skewness =  .02 (Near Symmetrical),Inclusive Kurtosis = .94 phi (Mesokurtic),NA,0,0,0,0,0,0,0,0,0,0,0,0,0,0,0,0,0,0,0,0,0,0,0,0,0,0,0,0,0,0,0,0,0,0,0,0,0,0,0,0,0,0,0,0,0,0,0,0,0,0,0,0,0,0,0,0,0,0,0,0,0,0,0,0,0,0,0,0,0,0,0,0,0,0,0,0,0,0,0,0.216984,0.837516,1.81552,3.148396,4.740651,6.507012,8.182397,9.612939,10.56038,10.895371,10.552334,9.585995,8.094438,6.324607,4.445079,2.745303,1.34493,0.376241,0.013905,0,0
C_1_1_15,"Friday, 22 August 2025 1:56:02 PM",521.162,553.406,478.808,Inclusive Mean =  .96 phi (Coarse Sand),Standard Deviation =  212.42 um =  2.24phi,Inclusive SD (Sorting Coeff.) =  .56 phi (Moderately Well Sorted),Inclusive Skewness =  .01 (Near Symmetrical),Inclusive Kurtosis = .94 phi (Mesokurtic),NA,0,0,0,0,0,0,0,0,0,0,0,0,0,0,0,0,0,0,0,0,0,0,0,0,0,0,0,0,0,0,0,0,0,0,0,0,0,0,0,0,0,0,0,0,0,0,0,0,0,0,0,0,0,0,0,0,0,0,0,0,0,0,0,0,0,0,0,0,0,0,0,0,0,0,0,0,0,0,0,0.205489,0.824068,1.834505,3.237222,4.923843,6.790949,8.541443,9.998697,10.906686,11.135224,10.635843,9.493548,7.839008,5.958583,4.018929,2.385229,1.050313,0.192348,0.028073,0,0
C_1_1_15,"Friday, 22 August 2025 1:57:09 PM",521.415,551.975,478.494,Inclusive Mean =  .96 phi (Coarse Sand),Standard Deviation =  210.02 um =  2.25phi,Inclusive SD (Sorting Coeff.) =  .56 phi (Moderately Well Sorted),Inclusive Skewness =  .01 (Near Symmetrical),Inclusive Kurtosis = .94 phi (Mesokurtic),NA,0,0,0,0,0,0,0,0,0,0,0,0,0,0,0,0,0,0,0,0,0,0,0,0,0,0,0,0,0,0,0,0,0,0,0,0,0,0,0,0,0,0,0,0,0,0,0,0,0,0,0,0,0,0,0,0,0,0,0,0,0,0,0,0,0,0,0,0,0,0,0,0,0,0,0,0,0,0,0,0.194826,0.807984,1.818865,3.224409,4.919635,6.800555,8.56794,10.042771,10.964563,11.199088,10.69461,9.53584,7.855122,5.94457,3.9771,2.322163,0.981501,0.134723,0.013736,0,0
C_1_1_15,"Friday, 22 August 2025 1:58:17 PM",523.02,557.206,481.32,Inclusive Mean =  .95 phi (Coarse Sand),Standard Deviation =  215.57 um =  2.21phi,Inclusive SD (Sorting Coeff.) =  .56 phi (Moderately Well Sorted),Inclusive Skewness =  .01 (Near Symmetrical),Inclusive Kurtosis = .94 phi (Mesokurtic),NA,0,0,0,0,0,0,0,0,0,0,0,0,0,0,0,0,0,0,0,0,0,0,0,0,0,0,0,0,0,0,0,0,0,0,0,0,0,0,0,0,0,0,0,0,0,0,0,0,0,0,0,0,0,0,0,0,0,0,0,0,0,0,0,0,0,0,0,0,0,0,0,0,0,0,0,0,0,0,0,0.193327,0.798669,1.795957,3.183001,4.85631,6.714036,8.46167,9.923756,10.844533,11.093245,10.619627,9.507726,7.884572,6.03024,4.129127,2.469521,1.163806,0.319127,0.01175,0,0
C_1_1_15 - Average,"Friday, 22 August 2025 1:56:02 PM",521.863,554.195,479.537,Inclusive Mean =  .95 phi (Coarse Sand),Standard Deviation =  212.69 um =  2.23phi,Inclusive SD (Sorting Coeff.) =  .56 phi (Moderately Well Sorted),Inclusive Skewness =  .01 (Near Symmetrical),Inclusive Kurtosis = .94 phi (Mesokurtic),NA,0,0,0,0,0,0,0,0,0,0,0,0,0,0,0,0,0,0,0,0,0,0,0,0,0,0,0,0,0,0,0,0,0,0,0,0,0,0,0,0,0,0,0,0,0,0,0,0,0,0,0,0,0,0,0,0,0,0,0,0,0,0,0,0,0,0,0,0,0,0,0,0,0,0,0,0,0,0,0,0.19788,0.810241,1.816442,3.214877,4.899929,6.768512,8.523687,9.988404,10.905257,11.142558,10.649894,9.512613,7.859599,5.975876,4.049049,2.377134,1.070259,0.237788,0,0,0
C_1_1_14,"Friday, 22 August 2025 2:07:23 PM",522.618,562.583,474.519,Inclusive Mean =  .95 phi (Coarse Sand),Standard Deviation =  234.67 um =  2.09phi,Inclusive SD (Sorting Coeff.) =  .61 phi (Moderately Well Sorted),Inclusive Skewness =  .01 (Near Symmetrical),Inclusive Kurtosis = .93 phi (Mesokurtic),NA,0,0,0,0,0,0,0,0,0,0,0,0,0,0,0,0,0,0,0,0,0,0,0,0,0,0,0,0,0,0,0,0,0,0,0,0,0,0,0,0,0,0,0,0,0,0,0,0,0,0,0,0,0,0,0,0,0,0,0,0,0,0,0,0,0,0,0,0,0,0,0,0,0,0,0,0,0,0,0,0.464349,1.288204,2.36038,3.724563,5.217428,6.768021,8.156067,9.275583,9.963194,10.145103,9.790344,8.949878,7.692103,6.196112,4.572327,3.031676,1.684771,0.664754,0.055145,0,0
C_1_1_14,"Friday, 22 August 2025 2:08:31 PM",522.084,555.482,478.899,Inclusive Mean =  .95 phi (Coarse Sand),Standard Deviation =  216.02 um =  2.21phi,Inclusive SD (Sorting Coeff.) =  .57 phi (Moderately Well Sorted),Inclusive Skewness =  .01 (Near Symmetrical),Inclusive Kurtosis = .94 phi (Mesokurtic),NA,0,0,0,0,0,0,0,0,0,0,0,0,0,0,0,0,0,0,0,0,0,0,0,0,0,0,0,0,0,0,0,0,0,0,0,0,0,0,0,0,0,0,0,0,0,0,0,0,0,0,0,0,0,0,0,0,0,0,0,0,0,0,0,0,0,0,0,0,0,0,0,0,0,0,0,0,0,0,0,0.249652,0.88296,1.882634,3.270328,4.926632,6.755004,8.46695,9.892563,10.784602,11.017333,10.542322,9.441127,7.836137,6.000563,4.113728,2.461621,1.156549,0.308986,0.010308,0,0
C_1_1_14,"Friday, 22 August 2025 2:09:38 PM",523.999,557.406,480.384,Inclusive Mean =  .95 phi (Coarse Sand),Standard Deviation =  217.02 um =  2.2phi,Inclusive SD (Sorting Coeff.) =  .57 phi (Moderately Well Sorted),Inclusive Skewness =  .01 (Near Symmetrical),Inclusive Kurtosis = .94 phi (Mesokurtic),NA,0,0,0,0,0,0,0,0,0,0,0,0,0,0,0,0,0,0,0,0,0,0,0,0,0,0,0,0,0,0,0,0,0,0,0,0,0,0,0,0,0,0,0,0,0,0,0,0,0,0,0,0,0,0,0,0,0,0,0,0,0,0,0,0,0,0,0,0,0,0,0,0,0,0,0,0,0,0,0,0.243399,0.86753,1.856421,3.231714,4.877647,6.700048,8.412987,9.847541,10.755737,11.009672,10.557401,9.476524,7.88645,6.057708,4.169818,2.509312,1.192732,0.334239,0.013119,0,0
C_1_1_14 - Average,"Friday, 22 August 2025 2:07:23 PM",522.924,558.49,477.921,Inclusive Mean =  .95 phi (Coarse Sand),Standard Deviation =  222.76 um =  2.17phi,Inclusive SD (Sorting Coeff.) =  .58 phi (Moderately Well Sorted),Inclusive Skewness =  .01 (Near Symmetrical),Inclusive Kurtosis = .94 phi (Mesokurtic),NA,0,0,0,0,0,0,0,0,0,0,0,0,0,0,0,0,0,0,0,0,0,0,0,0,0,0,0,0,0,0,0,0,0,0,0,0,0,0,0,0,0,0,0,0,0,0,0,0,0,0,0,0,0,0,0,0,0,0,0,0,0,0,0,0,0,0,0,0,0,0,0,0,0,0,0,0,0,0,0,0.319133,1.012898,2.033145,3.408868,5.007235,6.741024,8.345335,9.671895,10.501178,10.724036,10.296689,9.289176,7.804897,6.084794,4.285291,2.667536,1.344684,0.435256,0.026928,0,0
C_1_1_13,"Friday, 22 August 2025 2:18:59 PM",522.359,554.045,479.767,Inclusive Mean =  .95 phi (Coarse Sand),Standard Deviation =  211.97 um =  2.24phi,Inclusive SD (Sorting Coeff.) =  .56 phi (Moderately Well Sorted),Inclusive Skewness =  .01 (Near Symmetrical),Inclusive Kurtosis = .94 phi (Mesokurtic),NA,0,0,0,0,0,0,0,0,0,0,0,0,0,0,0,0,0,0,0,0,0,0,0,0,0,0,0,0,0,0,0,0,0,0,0,0,0,0,0,0,0,0,0,0,0,0,0,0,0,0,0,0,0,0,0,0,0,0,0,0,0,0,0,0,0,0,0,0,0,0,0,0,0,0,0,0,0,0,0,0.197342,0.80224,1.799182,3.191754,4.876453,6.752431,8.521613,10.003975,10.936674,11.18285,10.689215,9.540525,7.870793,5.97336,4.020561,2.380126,1.044602,0.189025,0.027281,0,0
C_1_1_13,"Friday, 22 August 2025 2:20:06 PM",524.146,559.341,482.523,Inclusive Mean =  .94 phi (Coarse Sand),Standard Deviation =  217.61 um =  2.2phi,Inclusive SD (Sorting Coeff.) =  .57 phi (Moderately Well Sorted),Inclusive Skewness =  .01 (Near Symmetrical),Inclusive Kurtosis = .94 phi (Mesokurtic),NA,0,0,0,0,0,0,0,0,0,0,0,0,0,0,0,0,0,0,0,0,0,0,0,0,0,0,0,0,0,0,0,0,0,0,0,0,0,0,0,0,0,0,0,0,0,0,0,0,0,0,0,0,0,0,0,0,0,0,0,0,0,0,0,0,0,0,0,0,0,0,0,0,0,0,0,0,0,0,0,0.197955,0.798554,1.785002,3.160509,4.821564,6.668785,8.410002,9.870898,10.796699,11.056719,10.599872,9.508257,7.906823,6.071921,4.186637,2.53328,1.22805,0.377068,0.021406,0,0
C_1_1_13,"Friday, 22 August 2025 2:21:14 PM",518.384,551.643,477.115,Inclusive Mean =  .96 phi (Coarse Sand),Standard Deviation =  212.31 um =  2.24phi,Inclusive SD (Sorting Coeff.) =  .56 phi (Moderately Well Sorted),Inclusive Skewness =  .01 (Near Symmetrical),Inclusive Kurtosis = .94 phi (Mesokurtic),NA,0,0,0,0,0,0,0,0,0,0,0,0,0,0,0,0,0,0,0,0,0,0,0,0,0,0,0,0,0,0,0,0,0,0,0,0,0,0,0,0,0,0,0,0,0,0,0,0,0,0,0,0,0,0,0,0,0,0,0,0,0,0,0,0,0,0,0,0,0,0,0,0,0,0,0,0,0,0,0,0.217592,0.848097,1.869808,3.286188,4.983613,6.856372,8.603902,10.047441,10.931243,11.127857,10.594364,9.424789,7.754681,5.873343,3.966747,2.324753,1.049144,0.240067,0,0,0
C_1_1_13 - Average,"Friday, 22 August 2025 2:18:59 PM",521.615,555.01,479.791,Inclusive Mean =  .95 phi (Coarse Sand),Standard Deviation =  214 um =  2.22phi,Inclusive SD (Sorting Coeff.) =  .56 phi (Moderately Well Sorted),Inclusive Skewness =  .01 (Near Symmetrical),Inclusive Kurtosis = .94 phi (Mesokurtic),NA,0,0,0,0,0,0,0,0,0,0,0,0,0,0,0,0,0,0,0,0,0,0,0,0,0,0,0,0,0,0,0,0,0,0,0,0,0,0,0,0,0,0,0,0,0,0,0,0,0,0,0,0,0,0,0,0,0,0,0,0,0,0,0,0,0,0,0,0,0,0,0,0,0,0,0,0,0,0,0,0.204296,0.816297,1.817997,3.212817,4.893877,6.759195,8.51184,9.974102,10.888204,11.122495,10.627749,9.491316,7.844115,5.971882,4.061766,2.404887,1.109874,0.279943,0.007348,0,0
C_1_1_12,"Friday, 22 August 2025 2:29:42 PM",508.799,540.491,459.998,Inclusive Mean =  1 phi (Medium Sand),Standard Deviation =  217.3 um =  2.2phi,Inclusive SD (Sorting Coeff.) =  .6 phi (Moderately Well Sorted),Inclusive Skewness =  .02 (Near Symmetrical),Inclusive Kurtosis = .93 phi (Mesokurtic),NA,0,0,0,0,0,0,0,0,0,0,0,0,0,0,0,0,0,0,0,0,0,0,0,0,0,0,0,0,0,0,0,0,0,0,0,0,0,0,0,0,0,0,0,0,0,0,0,0,0,0,0,0,0,0,0,0,0,0,0,0,0,0,0,0,0,0,0,0,0,0,0,0,0,0,0,0,0,0,0.006052,0.581142,1.494984,2.623791,4.065808,5.6137,7.196182,8.581861,9.658659,10.263421,10.3262,9.827151,8.829926,7.419724,5.801135,4.043607,2.538978,1.110298,0.01738,0,0,0
C_1_1_12,"Friday, 22 August 2025 2:30:49 PM",510.577,540.283,460.653,Inclusive Mean =  1 phi (Coarse Sand),Standard Deviation =  215.75 um =  2.21phi,Inclusive SD (Sorting Coeff.) =  .59 phi (Moderately Well Sorted),Inclusive Skewness =  .02 (Near Symmetrical),Inclusive Kurtosis = .93 phi (Mesokurtic),NA,0,0,0,0,0,0,0,0,0,0,0,0,0,0,0,0,0,0,0,0,0,0,0,0,0,0,0,0,0,0,0,0,0,0,0,0,0,0,0,0,0,0,0,0,0,0,0,0,0,0,0,0,0,0,0,0,0,0,0,0,0,0,0,0,0,0,0,0,0,0,0,0,0,0,0,0,0,0,0.00572,0.555809,1.457858,2.58615,4.027272,5.582648,7.179489,8.584773,9.684627,10.31155,10.391609,9.900418,8.899157,7.470417,5.819753,4.030775,2.469713,1.026639,0.015624,0,0,0
C_1_1_12,"Friday, 22 August 2025 2:31:57 PM",506.803,539.483,458.981,Inclusive Mean =  1 phi (Medium Sand),Standard Deviation =  217.3 um =  2.2phi,Inclusive SD (Sorting Coeff.) =  .6 phi (Moderately Well Sorted),Inclusive Skewness =  .02 (Near Symmetrical),Inclusive Kurtosis = .93 phi (Mesokurtic),NA,0,0,0,0,0,0,0,0,0,0,0,0,0,0,0,0,0,0,0,0,0,0,0,0,0,0,0,0,0,0,0,0,0,0,0,0,0,0,0,0,0,0,0,0,0,0,0,0,0,0,0,0,0,0,0,0,0,0,0,0,0,0,0,0,0,0,0,0,0,0,0,0,0,0,0,0,0,0,0.006182,0.592182,1.516762,2.653759,4.10363,5.654765,7.234869,8.611874,9.674011,10.260493,10.304605,9.79059,8.785301,7.375327,5.764341,4.01875,2.527046,1.108142,0.017372,0,0,0
C_1_1_12 - Average,"Friday, 22 August 2025 2:29:42 PM",508.731,540.086,459.876,Inclusive Mean =  1 phi (Medium Sand),Standard Deviation =  216.78 um =  2.21phi,Inclusive SD (Sorting Coeff.) =  .6 phi (Moderately Well Sorted),Inclusive Skewness =  .02 (Near Symmetrical),Inclusive Kurtosis = .93 phi (Mesokurtic),NA,0,0,0,0,0,0,0,0,0,0,0,0,0,0,0,0,0,0,0,0,0,0,0,0,0,0,0,0,0,0,0,0,0,0,0,0,0,0,0,0,0,0,0,0,0,0,0,0,0,0,0,0,0,0,0,0,0,0,0,0,0,0,0,0,0,0,0,0,0,0,0,0,0,0,0,0,0,0,0.005985,0.576378,1.489868,2.621233,4.06557,5.617038,7.203514,8.592836,9.672432,10.278488,10.340805,9.839386,8.838128,7.421822,5.795076,4.031044,2.511912,1.081693,0.016792,0,0,0
C_1_1_11,"Friday, 22 August 2025 2:41:08 PM",491.283,522.499,451.94,Inclusive Mean =  1.04 phi (Medium Sand),Standard Deviation =  200.54 um =  2.32phi,Inclusive SD (Sorting Coeff.) =  .56 phi (Moderately Well Sorted),Inclusive Skewness =  .01 (Near Symmetrical),Inclusive Kurtosis = .94 phi (Mesokurtic),NA,0,0,0,0,0,0,0,0,0,0,0,0,0,0,0,0,0,0,0,0,0,0,0,0,0,0,0,0,0,0,0,0,0,0,0,0,0,0,0,0,0,0,0,0,0,0,0,0,0,0,0,0,0,0,0,0,0,0,0,0,0,0,0,0,0,0,0,0,0,0,0,0,0,0,0,0,0,0,0,0.491323,1.33528,2.503112,4.079528,5.848571,7.693864,9.303214,10.503454,11.076564,10.940351,10.106014,8.712059,6.917802,5.02204,3.1818,1.698712,0.578558,0.007755,0,0,0
C_1_1_11,"Friday, 22 August 2025 2:42:16 PM",493.106,524.282,453.371,Inclusive Mean =  1.03 phi (Medium Sand),Standard Deviation =  201.31 um =  2.31phi,Inclusive SD (Sorting Coeff.) =  .56 phi (Moderately Well Sorted),Inclusive Skewness =  .01 (Near Symmetrical),Inclusive Kurtosis = .94 phi (Mesokurtic),NA,0,0,0,0,0,0,0,0,0,0,0,0,0,0,0,0,0,0,0,0,0,0,0,0,0,0,0,0,0,0,0,0,0,0,0,0,0,0,0,0,0,0,0,0,0,0,0,0,0,0,0,0,0,0,0,0,0,0,0,0,0,0,0,0,0,0,0,0,0,0,0,0,0,0,0,0,0,0,0,0.478991,1.31151,2.469238,4.033864,5.794814,7.637384,9.251432,10.464492,11.057214,10.944818,10.134544,8.760472,6.97892,5.086392,3.23835,1.744663,0.604691,0.008212,0,0,0
C_1_1_11,"Friday, 22 August 2025 2:43:23 PM",491.877,524.51,453.33,Inclusive Mean =  1.03 phi (Medium Sand),Standard Deviation =  202.03 um =  2.31phi,Inclusive SD (Sorting Coeff.) =  .56 phi (Moderately Well Sorted),Inclusive Skewness =  .01 (Near Symmetrical),Inclusive Kurtosis = .94 phi (Mesokurtic),NA,0,0,0,0,0,0,0,0,0,0,0,0,0,0,0,0,0,0,0,0,0,0,0,0,0,0,0,0,0,0,0,0,0,0,0,0,0,0,0,0,0,0,0,0,0,0,0,0,0,0,0,0,0,0,0,0,0,0,0,0,0,0,0,0,0,0,0,0,0,0,0,0,0,0,0,0,0,0,0,0.473809,1.308894,2.473861,4.045011,5.811641,7.65588,9.265625,10.468115,11.045968,10.918364,10.097925,8.722652,6.951055,5.077763,3.249268,1.781418,0.643738,0.009013,0,0,0
C_1_1_11 - Average,"Friday, 22 August 2025 2:41:08 PM",492.086,523.764,452.879,Inclusive Mean =  1.04 phi (Medium Sand),Standard Deviation =  201.3 um =  2.31phi,Inclusive SD (Sorting Coeff.) =  .56 phi (Moderately Well Sorted),Inclusive Skewness =  .01 (Near Symmetrical),Inclusive Kurtosis = .94 phi (Mesokurtic),NA,0,0,0,0,0,0,0,0,0,0,0,0,0,0,0,0,0,0,0,0,0,0,0,0,0,0,0,0,0,0,0,0,0,0,0,0,0,0,0,0,0,0,0,0,0,0,0,0,0,0,0,0,0,0,0,0,0,0,0,0,0,0,0,0,0,0,0,0,0,0,0,0,0,0,0,0,0,0,0,0.481374,1.318561,2.48207,4.052801,5.818342,7.662376,9.273424,10.478687,11.059915,10.934511,10.112828,8.731728,6.949259,5.062065,3.223139,1.741598,0.608996,0.008327,0,0,0
C_1_1_10,"Friday, 22 August 2025 2:54:13 PM",497.816,530.585,451.453,Inclusive Mean =  1.03 phi (Medium Sand),Standard Deviation =  214.02 um =  2.22phi,Inclusive SD (Sorting Coeff.) =  .6 phi (Moderately Well Sorted),Inclusive Skewness =  .02 (Near Symmetrical),Inclusive Kurtosis = .93 phi (Mesokurtic),NA,0,0,0,0,0,0,0,0,0,0,0,0,0,0,0,0,0,0,0,0,0,0,0,0,0,0,0,0,0,0,0,0,0,0,0,0,0,0,0,0,0,0,0,0,0,0,0,0,0,0,0,0,0,0,0,0,0,0,0,0,0,0,0,0,0,0,0,0,0,0,0,0,0,0,0,0,0,0,0.007545,0.699021,1.687704,2.852469,4.339485,5.899754,7.464303,8.800107,9.796856,10.302988,10.261103,9.666158,8.595813,7.140232,5.505612,3.774528,2.273659,0.918904,0.01376,0,0,0
C_1_1_10,"Friday, 22 August 2025 2:55:21 PM",499.102,532.881,452.874,Inclusive Mean =  1.02 phi (Medium Sand),Standard Deviation =  215.76 um =  2.21phi,Inclusive SD (Sorting Coeff.) =  .6 phi (Moderately Well Sorted),Inclusive Skewness =  .02 (Near Symmetrical),Inclusive Kurtosis = .93 phi (Mesokurtic),NA,0,0,0,0,0,0,0,0,0,0,0,0,0,0,0,0,0,0,0,0,0,0,0,0,0,0,0,0,0,0,0,0,0,0,0,0,0,0,0,0,0,0,0,0,0,0,0,0,0,0,0,0,0,0,0,0,0,0,0,0,0,0,0,0,0,0,0,0,0,0,0,0,0,0,0,0,0,0,0.007462,0.691659,1.671627,2.827787,4.304834,5.856467,7.414495,8.747531,9.746269,10.259796,10.23084,9.654062,8.605168,7.173867,5.563918,3.846059,2.374308,1.008314,0.015537,0,0,0
C_1_1_10,"Friday, 22 August 2025 2:56:28 PM",493.453,527.508,448.901,Inclusive Mean =  1.04 phi (Medium Sand),Standard Deviation =  213.05 um =  2.23phi,Inclusive SD (Sorting Coeff.) =  .6 phi (Moderately Well Sorted),Inclusive Skewness =  .01 (Near Symmetrical),Inclusive Kurtosis = .93 phi (Mesokurtic),NA,0,0,0,0,0,0,0,0,0,0,0,0,0,0,0,0,0,0,0,0,0,0,0,0,0,0,0,0,0,0,0,0,0,0,0,0,0,0,0,0,0,0,0,0,0,0,0,0,0,0,0,0,0,0,0,0,0,0,0,0,0,0,0,0,0,0,0,0,0,0,0,0,0,0,0,0,0,0,0.007819,0.722337,1.734562,2.918951,4.426489,5.998837,7.564506,8.887859,9.858091,10.326843,10.24182,9.605418,8.503151,7.0302,5.39557,3.682424,2.202415,0.879628,0.01308,0,0,0
C_1_1_10 - Average,"Friday, 22 August 2025 2:54:13 PM",496.765,530.325,451.07,Inclusive Mean =  1.03 phi (Medium Sand),Standard Deviation =  214.29 um =  2.22phi,Inclusive SD (Sorting Coeff.) =  .6 phi (Moderately Well Sorted),Inclusive Skewness =  .02 (Near Symmetrical),Inclusive Kurtosis = .93 phi (Mesokurtic),NA,0,0,0,0,0,0,0,0,0,0,0,0,0,0,0,0,0,0,0,0,0,0,0,0,0,0,0,0,0,0,0,0,0,0,0,0,0,0,0,0,0,0,0,0,0,0,0,0,0,0,0,0,0,0,0,0,0,0,0,0,0,0,0,0,0,0,0,0,0,0,0,0,0,0,0,0,0,0,0.007609,0.704339,1.697964,2.866402,4.356936,5.918353,7.481101,8.811832,9.800405,10.296542,10.244588,9.641879,8.568044,7.114766,5.488367,3.767671,2.283461,0.935615,0.014126,0,0,0
C_1_1_9,"Friday, 22 August 2025 3:04:59 PM",497.603,528.466,458.181,Inclusive Mean =  1.02 phi (Medium Sand),Standard Deviation =  201 um =  2.31phi,Inclusive SD (Sorting Coeff.) =  .56 phi (Moderately Well Sorted),Inclusive Skewness =  .01 (Near Symmetrical),Inclusive Kurtosis = .94 phi (Mesokurtic),NA,0,0,0,0,0,0,0,0,0,0,0,0,0,0,0,0,0,0,0,0,0,0,0,0,0,0,0,0,0,0,0,0,0,0,0,0,0,0,0,0,0,0,0,0,0,0,0,0,0,0,0,0,0,0,0,0,0,0,0,0,0,0,0,0,0,0,0,0,0,0,0,0,0,0,0,0,0,0,0,0.374973,1.15501,2.302331,3.853966,5.632231,7.515357,9.187433,10.469889,11.130222,11.073349,10.29757,8.933039,7.136777,5.211396,3.321016,1.784615,0.612571,0.008256,0,0,0
C_1_1_9,"Friday, 22 August 2025 3:06:06 PM",493.375,524.516,454.732,Inclusive Mean =  1.03 phi (Medium Sand),Standard Deviation =  199.7 um =  2.32phi,Inclusive SD (Sorting Coeff.) =  .56 phi (Moderately Well Sorted),Inclusive Skewness =  .01 (Near Symmetrical),Inclusive Kurtosis = .94 phi (Mesokurtic),NA,0,0,0,0,0,0,0,0,0,0,0,0,0,0,0,0,0,0,0,0,0,0,0,0,0,0,0,0,0,0,0,0,0,0,0,0,0,0,0,0,0,0,0,0,0,0,0,0,0,0,0,0,0,0,0,0,0,0,0,0,0,0,0,0,0,0,0,0,0,0,0,0,0,0,0,0,0,0,0,0.409277,1.220773,2.393392,3.971577,5.763579,7.644392,9.295528,10.539101,11.14875,11.037417,10.213012,8.813948,7.001018,5.077575,3.208137,1.694294,0.560882,0.007348,0,0,0
C_1_1_9,"Friday, 22 August 2025 3:07:14 PM",493.884,526.129,455.769,Inclusive Mean =  1.03 phi (Medium Sand),Standard Deviation =  201.04 um =  2.31phi,Inclusive SD (Sorting Coeff.) =  .56 phi (Moderately Well Sorted),Inclusive Skewness =  .01 (Near Symmetrical),Inclusive Kurtosis = .94 phi (Mesokurtic),NA,0,0,0,0,0,0,0,0,0,0,0,0,0,0,0,0,0,0,0,0,0,0,0,0,0,0,0,0,0,0,0,0,0,0,0,0,0,0,0,0,0,0,0,0,0,0,0,0,0,0,0,0,0,0,0,0,0,0,0,0,0,0,0,0,0,0,0,0,0,0,0,0,0,0,0,0,0,0,0,0.401072,1.20652,2.37474,3.94705,5.734483,7.61197,9.261753,10.506407,11.119984,11.015914,10.202684,8.818194,7.023254,5.119036,3.261432,1.765988,0.620992,0.008526,0,0,0
C_1_1_9 - Average,"Friday, 22 August 2025 3:04:59 PM",494.947,526.37,456.223,Inclusive Mean =  1.03 phi (Medium Sand),Standard Deviation =  200.59 um =  2.32phi,Inclusive SD (Sorting Coeff.) =  .56 phi (Moderately Well Sorted),Inclusive Skewness =  .01 (Near Symmetrical),Inclusive Kurtosis = .94 phi (Mesokurtic),NA,0,0,0,0,0,0,0,0,0,0,0,0,0,0,0,0,0,0,0,0,0,0,0,0,0,0,0,0,0,0,0,0,0,0,0,0,0,0,0,0,0,0,0,0,0,0,0,0,0,0,0,0,0,0,0,0,0,0,0,0,0,0,0,0,0,0,0,0,0,0,0,0,0,0,0,0,0,0,0,0.395107,1.194101,2.356821,3.924198,5.710098,7.590573,9.248238,10.505132,11.132986,11.042227,10.237755,8.85506,7.053683,5.136002,3.263528,1.748299,0.598148,0.008044,0,0,0
C_1_1_8,"Friday, 22 August 2025 3:15:53 PM",491.902,523.132,454.239,Inclusive Mean =  1.03 phi (Medium Sand),Standard Deviation =  198.17 um =  2.34phi,Inclusive SD (Sorting Coeff.) =  .56 phi (Moderately Well Sorted),Inclusive Skewness =  .01 (Near Symmetrical),Inclusive Kurtosis = .94 phi (Mesokurtic),NA,0,0,0,0,0,0,0,0,0,0,0,0,0,0,0,0,0,0,0,0,0,0,0,0,0,0,0,0,0,0,0,0,0,0,0,0,0,0,0,0,0,0,0,0,0,0,0,0,0,0,0,0,0,0,0,0,0,0,0,0,0,0,0,0,0,0,0,0,0,0,0,0,0,0,0,0,0,0,0,0.379596,1.190608,2.382934,3.980529,5.797124,7.699777,9.364063,10.609542,11.20867,11.076628,10.225657,8.79997,6.964102,5.024704,3.150944,1.628825,0.509961,0.006367,0,0,0
C_1_1_8,"Friday, 22 August 2025 3:17:00 PM",490.454,521.478,453.017,Inclusive Mean =  1.04 phi (Medium Sand),Standard Deviation =  197.17 um =  2.34phi,Inclusive SD (Sorting Coeff.) =  .55 phi (Moderately Well Sorted),Inclusive Skewness =  .01 (Near Symmetrical),Inclusive Kurtosis = .94 phi (Mesokurtic),NA,0,0,0,0,0,0,0,0,0,0,0,0,0,0,0,0,0,0,0,0,0,0,0,0,0,0,0,0,0,0,0,0,0,0,0,0,0,0,0,0,0,0,0,0,0,0,0,0,0,0,0,0,0,0,0,0,0,0,0,0,0,0,0,0,0,0,0,0,0,0,0,0,0,0,0,0,0,0,0,0.386049,1.206971,2.410377,4.019594,5.844688,7.750406,9.410453,10.644235,11.226189,11.074784,10.206081,8.767251,6.922944,4.978456,3.1051,1.574933,0.465981,0.005509,0,0,0
C_1_1_8,"Friday, 22 August 2025 3:18:08 PM",493.615,523.776,455.128,Inclusive Mean =  1.03 phi (Medium Sand),Standard Deviation =  197.65 um =  2.34phi,Inclusive SD (Sorting Coeff.) =  .55 phi (Moderately Well Sorted),Inclusive Skewness =  .01 (Near Symmetrical),Inclusive Kurtosis = .94 phi (Mesokurtic),NA,0,0,0,0,0,0,0,0,0,0,0,0,0,0,0,0,0,0,0,0,0,0,0,0,0,0,0,0,0,0,0,0,0,0,0,0,0,0,0,0,0,0,0,0,0,0,0,0,0,0,0,0,0,0,0,0,0,0,0,0,0,0,0,0,0,0,0,0,0,0,0,0,0,0,0,0,0,0,0,0.367668,1.167931,2.351901,3.941194,5.754812,7.661347,9.337158,10.601233,11.222822,11.112945,10.278624,8.859936,7.018579,5.061452,3.164857,1.611154,0.480659,0.005729,0,0,0
C_1_1_8 - Average,"Friday, 22 August 2025 3:15:53 PM",491.987,522.795,454.127,Inclusive Mean =  1.03 phi (Medium Sand),Standard Deviation =  197.67 um =  2.34phi,Inclusive SD (Sorting Coeff.) =  .55 phi (Moderately Well Sorted),Inclusive Skewness =  .01 (Near Symmetrical),Inclusive Kurtosis = .94 phi (Mesokurtic),NA,0,0,0,0,0,0,0,0,0,0,0,0,0,0,0,0,0,0,0,0,0,0,0,0,0,0,0,0,0,0,0,0,0,0,0,0,0,0,0,0,0,0,0,0,0,0,0,0,0,0,0,0,0,0,0,0,0,0,0,0,0,0,0,0,0,0,0,0,0,0,0,0,0,0,0,0,0,0,0,0.377771,1.188503,2.381737,3.980439,5.798875,7.703843,9.370558,10.618337,11.219227,11.088119,10.236787,8.809052,6.968542,5.021537,3.1403,1.604971,0.485533,0.005868,0,0,0
C_1_1_7,"Friday, 22 August 2025 3:28:32 PM",483.461,512.144,446.579,Inclusive Mean =  1.06 phi (Medium Sand),Standard Deviation =  190.81 um =  2.39phi,Inclusive SD (Sorting Coeff.) =  .55 phi (Moderately Well Sorted),Inclusive Skewness =  .01 (Near Symmetrical),Inclusive Kurtosis = .93 phi (Mesokurtic),NA,0,0,0,0,0,0,0,0,0,0,0,0,0,0,0,0,0,0,0,0,0,0,0,0,0,0,0,0,0,0,0,0,0,0,0,0,0,0,0,0,0,0,0,0,0,0,0,0,0,0,0,0,0,0,0,0,0,0,0,0,0,0,0,0,0,0,0,0,0,0,0,0,0,0,0,0,0,0,0,0.414461,1.279283,2.5352,4.205101,6.08287,8.022411,9.684464,10.882192,11.390781,11.136489,10.150077,8.598757,6.66113,4.65832,2.784085,1.259459,0.254922,0,0,0,0
C_1_1_7,"Friday, 22 August 2025 3:29:39 PM",480.865,511.064,445.321,Inclusive Mean =  1.07 phi (Medium Sand),Standard Deviation =  191.3 um =  2.39phi,Inclusive SD (Sorting Coeff.) =  .55 phi (Moderately Well Sorted),Inclusive Skewness =  .01 (Near Symmetrical),Inclusive Kurtosis = .94 phi (Mesokurtic),NA,0,0,0,0,0,0,0,0,0,0,0,0,0,0,0,0,0,0,0,0,0,0,0,0,0,0,0,0,0,0,0,0,0,0,0,0,0,0,0,0,0,0,0,0,0,0,0,0,0,0,0,0,0,0,0,0,0,0,0,0,0,0,0,0,0,0,0,0,0,0,0,0,0,0,0,0,0,0,0,0.42533,1.305565,2.577448,4.262753,6.149103,8.086596,9.733716,10.903978,11.377259,11.086872,10.072756,8.509463,6.579724,4.602913,2.762091,1.277227,0.287205,0,0,0,0
C_1_1_7,"Friday, 22 August 2025 3:30:46 PM",481.725,509.986,445.319,Inclusive Mean =  1.07 phi (Medium Sand),Standard Deviation =  188.97 um =  2.4phi,Inclusive SD (Sorting Coeff.) =  .54 phi (Moderately Well Sorted),Inclusive Skewness =  .01 (Near Symmetrical),Inclusive Kurtosis = .93 phi (Mesokurtic),NA,0,0,0,0,0,0,0,0,0,0,0,0,0,0,0,0,0,0,0,0,0,0,0,0,0,0,0,0,0,0,0,0,0,0,0,0,0,0,0,0,0,0,0,0,0,0,0,0,0,0,0,0,0,0,0,0,0,0,0,0,0,0,0,0,0,0,0,0,0,0,0,0,0,0,0,0,0,0,0,0.405079,1.276877,2.550745,4.239857,6.138098,8.093848,9.762709,10.955332,11.44625,11.164129,10.144662,8.561583,6.597998,4.57926,2.703806,1.179778,0.199989,0,0,0,0
C_1_1_7 - Average,"Friday, 22 August 2025 3:28:32 PM",482.014,511.064,445.739,Inclusive Mean =  1.06 phi (Medium Sand),Standard Deviation =  190.37 um =  2.39phi,Inclusive SD (Sorting Coeff.) =  .55 phi (Moderately Well Sorted),Inclusive Skewness =  .01 (Near Symmetrical),Inclusive Kurtosis = .93 phi (Mesokurtic),NA,0,0,0,0,0,0,0,0,0,0,0,0,0,0,0,0,0,0,0,0,0,0,0,0,0,0,0,0,0,0,0,0,0,0,0,0,0,0,0,0,0,0,0,0,0,0,0,0,0,0,0,0,0,0,0,0,0,0,0,0,0,0,0,0,0,0,0,0,0,0,0,0,0,0,0,0,0,0,0,0.414957,1.287242,2.554464,4.235904,6.123357,8.067618,9.726963,10.913834,11.404763,11.129163,10.122498,8.556601,6.612951,4.613498,2.749994,1.238821,0.247372,0,0,0,0
C_1_1_6,"Friday, 22 August 2025 3:39:57 PM",483.927,517.394,450.48,Inclusive Mean =  1.05 phi (Medium Sand),Standard Deviation =  194.84 um =  2.36phi,Inclusive SD (Sorting Coeff.) =  .55 phi (Moderately Well Sorted),Inclusive Skewness =  0 (Near Symmetrical),Inclusive Kurtosis = .94 phi (Mesokurtic),NA,0,0,0,0,0,0,0,0,0,0,0,0,0,0,0,0,0,0,0,0,0,0,0,0,0,0,0,0,0,0,0,0,0,0,0,0,0,0,0,0,0,0,0,0,0,0,0,0,0,0,0,0,0,0,0,0,0,0,0,0,0,0,0,0,0,0,0,0,0,0,0,0,0,0,0,0,0,0,0,0.334811,1.170889,2.434397,4.104781,5.995917,7.950434,9.624509,10.83055,11.344698,11.09895,10.131705,8.613717,6.725694,4.781232,2.946595,1.475729,0.430369,0.005022,0,0,0
C_1_1_6,"Friday, 22 August 2025 3:41:04 PM",484.885,515.995,449.848,Inclusive Mean =  1.05 phi (Medium Sand),Standard Deviation =  192.89 um =  2.37phi,Inclusive SD (Sorting Coeff.) =  .55 phi (Moderately Well Sorted),Inclusive Skewness =  .01 (Near Symmetrical),Inclusive Kurtosis = .93 phi (Mesokurtic),NA,0,0,0,0,0,0,0,0,0,0,0,0,0,0,0,0,0,0,0,0,0,0,0,0,0,0,0,0,0,0,0,0,0,0,0,0,0,0,0,0,0,0,0,0,0,0,0,0,0,0,0,0,0,0,0,0,0,0,0,0,0,0,0,0,0,0,0,0,0,0,0,0,0,0,0,0,0,0,0,0.342848,1.180456,2.440842,4.108946,5.998002,7.953707,9.63396,10.851344,11.379583,11.145938,10.182286,8.655247,6.742919,4.762329,2.895571,1.381,0.345022,0,0,0,0
C_1_1_6,"Friday, 22 August 2025 3:42:12 PM",482.154,512.467,447.902,Inclusive Mean =  1.06 phi (Medium Sand),Standard Deviation =  189.78 um =  2.4phi,Inclusive SD (Sorting Coeff.) =  .54 phi (Moderately Well Sorted),Inclusive Skewness =  .01 (Near Symmetrical),Inclusive Kurtosis = .93 phi (Mesokurtic),NA,0,0,0,0,0,0,0,0,0,0,0,0,0,0,0,0,0,0,0,0,0,0,0,0,0,0,0,0,0,0,0,0,0,0,0,0,0,0,0,0,0,0,0,0,0,0,0,0,0,0,0,0,0,0,0,0,0,0,0,0,0,0,0,0,0,0,0,0,0,0,0,0,0,0,0,0,0,0,0,0.325882,1.168521,2.452379,4.150218,6.076014,8.066754,9.769349,10.989075,11.494594,11.214585,10.188927,8.597822,6.631123,4.618221,2.750974,1.246714,0.258848,0,0,0,0
C_1_1_6 - Average,"Friday, 22 August 2025 3:39:57 PM",483.639,515.286,449.407,Inclusive Mean =  1.05 phi (Medium Sand),Standard Deviation =  192.53 um =  2.38phi,Inclusive SD (Sorting Coeff.) =  .55 phi (Moderately Well Sorted),Inclusive Skewness =  .01 (Near Symmetrical),Inclusive Kurtosis = .94 phi (Mesokurtic),NA,0,0,0,0,0,0,0,0,0,0,0,0,0,0,0,0,0,0,0,0,0,0,0,0,0,0,0,0,0,0,0,0,0,0,0,0,0,0,0,0,0,0,0,0,0,0,0,0,0,0,0,0,0,0,0,0,0,0,0,0,0,0,0,0,0,0,0,0,0,0,0,0,0,0,0,0,0,0,0,0.334514,1.173289,2.442539,4.121315,6.023311,7.990298,9.675939,10.890323,11.406292,11.153158,10.167639,8.622262,6.699912,4.720594,2.86438,1.367815,0.34642,0,0,0,0
C_1_1_5,"Friday, 22 August 2025 3:51:23 PM",489.828,526.228,456.668,Inclusive Mean =  1.03 phi (Medium Sand),Standard Deviation =  200.81 um =  2.32phi,Inclusive SD (Sorting Coeff.) =  .56 phi (Moderately Well Sorted),Inclusive Skewness =  0 (Near Symmetrical),Inclusive Kurtosis = .94 phi (Mesokurtic),NA,0,0,0,0,0,0,0,0,0,0,0,0,0,0,0,0,0,0,0,0,0,0,0,0,0,0,0,0,0,0,0,0,0,0,0,0,0,0,0,0,0,0,0,0,0,0,0,0,0,0,0,0,0,0,0,0,0,0,0,0,0,0,0,0,0,0,0,0,0,0,0,0,0,0,0,0,0,0,0,0.299523,1.092488,2.310701,3.92929,5.778613,7.70903,9.386253,10.626808,11.204896,11.04552,10.175356,8.749698,6.941078,5.053753,3.229685,1.789203,0.668521,0.009583,0,0,0
C_1_1_5,"Friday, 22 August 2025 3:52:30 PM",488.671,523.86,455.719,Inclusive Mean =  1.03 phi (Medium Sand),Standard Deviation =  198.13 um =  2.34phi,Inclusive SD (Sorting Coeff.) =  .55 phi (Moderately Well Sorted),Inclusive Skewness =  0 (Near Symmetrical),Inclusive Kurtosis = .94 phi (Mesokurtic),NA,0,0,0,0,0,0,0,0,0,0,0,0,0,0,0,0,0,0,0,0,0,0,0,0,0,0,0,0,0,0,0,0,0,0,0,0,0,0,0,0,0,0,0,0,0,0,0,0,0,0,0,0,0,0,0,0,0,0,0,0,0,0,0,0,0,0,0,0,0,0,0,0,0,0,0,0,0,0,0,0.278675,1.067125,2.296429,3.931806,5.807717,7.769138,9.473547,10.730885,11.308439,11.128866,10.221417,8.749717,6.89386,4.96792,3.127483,1.666791,0.572455,0.007729,0,0,0
C_1_1_5,"Friday, 22 August 2025 3:53:39 PM",490.891,526,457.205,Inclusive Mean =  1.03 phi (Medium Sand),Standard Deviation =  199.38 um =  2.33phi,Inclusive SD (Sorting Coeff.) =  .55 phi (Moderately Well Sorted),Inclusive Skewness =  0 (Near Symmetrical),Inclusive Kurtosis = .94 phi (Mesokurtic),NA,0,0,0,0,0,0,0,0,0,0,0,0,0,0,0,0,0,0,0,0,0,0,0,0,0,0,0,0,0,0,0,0,0,0,0,0,0,0,0,0,0,0,0,0,0,0,0,0,0,0,0,0,0,0,0,0,0,0,0,0,0,0,0,0,0,0,0,0,0,0,0,0,0,0,0,0,0,0,0,0.279158,1.059181,2.273385,3.890806,5.748442,7.695817,9.395766,10.661316,11.260489,11.113181,10.242334,8.803373,6.970314,5.052655,3.203781,1.730992,0.610602,0.008408,0,0,0
C_1_1_5 - Average,"Friday, 22 August 2025 3:51:23 PM",489.79,525.363,456.53,Inclusive Mean =  1.03 phi (Medium Sand),Standard Deviation =  199.45 um =  2.33phi,Inclusive SD (Sorting Coeff.) =  .55 phi (Moderately Well Sorted),Inclusive Skewness =  0 (Near Symmetrical),Inclusive Kurtosis = .94 phi (Mesokurtic),NA,0,0,0,0,0,0,0,0,0,0,0,0,0,0,0,0,0,0,0,0,0,0,0,0,0,0,0,0,0,0,0,0,0,0,0,0,0,0,0,0,0,0,0,0,0,0,0,0,0,0,0,0,0,0,0,0,0,0,0,0,0,0,0,0,0,0,0,0,0,0,0,0,0,0,0,0,0,0,0,0.285785,1.072931,2.293505,3.9173,5.778257,7.724662,9.418522,10.673003,11.257941,11.095856,10.213036,8.767596,6.935084,5.024776,3.186983,1.728996,0.617193,0.008573,0,0,0
C_1_1_4,"Friday, 22 August 2025 4:02:43 PM",495.981,527.534,460.005,Inclusive Mean =  1.02 phi (Medium Sand),Standard Deviation =  197.01 um =  2.34phi,Inclusive SD (Sorting Coeff.) =  .55 phi (Moderately Well Sorted),Inclusive Skewness =  .01 (Near Symmetrical),Inclusive Kurtosis = .94 phi (Mesokurtic),NA,0,0,0,0,0,0,0,0,0,0,0,0,0,0,0,0,0,0,0,0,0,0,0,0,0,0,0,0,0,0,0,0,0,0,0,0,0,0,0,0,0,0,0,0,0,0,0,0,0,0,0,0,0,0,0,0,0,0,0,0,0,0,0,0,0,0,0,0,0,0,0,0,0,0,0,0,0,0,0,0.234943,0.97354,2.158045,3.751224,5.608232,7.583038,9.337233,10.67761,11.355879,11.274212,10.43805,8.994599,7.117005,5.126796,3.205538,1.647644,0.510107,0.006306,0,0,0
C_1_1_4,"Friday, 22 August 2025 4:03:50 PM",496.608,529.811,461.257,Inclusive Mean =  1.01 phi (Medium Sand),Standard Deviation =  199.23 um =  2.33phi,Inclusive SD (Sorting Coeff.) =  .55 phi (Moderately Well Sorted),Inclusive Skewness =  .01 (Near Symmetrical),Inclusive Kurtosis = .94 phi (Mesokurtic),NA,0,0,0,0,0,0,0,0,0,0,0,0,0,0,0,0,0,0,0,0,0,0,0,0,0,0,0,0,0,0,0,0,0,0,0,0,0,0,0,0,0,0,0,0,0,0,0,0,0,0,0,0,0,0,0,0,0,0,0,0,0,0,0,0,0,0,0,0,0,0,0,0,0,0,0,0,0,0,0,0.234967,0.969843,2.147175,3.730499,5.575514,7.537409,9.280528,10.613981,11.292517,11.220605,10.404911,8.990349,7.147688,5.192105,3.290858,1.760115,0.602821,0.008116,0,0,0
C_1_1_4,"Friday, 22 August 2025 4:04:58 PM",497.036,529.864,461.286,Inclusive Mean =  1.01 phi (Medium Sand),Standard Deviation =  199.19 um =  2.33phi,Inclusive SD (Sorting Coeff.) =  .55 phi (Moderately Well Sorted),Inclusive Skewness =  .01 (Near Symmetrical),Inclusive Kurtosis = .94 phi (Mesokurtic),NA,0,0,0,0,0,0,0,0,0,0,0,0,0,0,0,0,0,0,0,0,0,0,0,0,0,0,0,0,0,0,0,0,0,0,0,0,0,0,0,0,0,0,0,0,0,0,0,0,0,0,0,0,0,0,0,0,0,0,0,0,0,0,0,0,0,0,0,0,0,0,0,0,0,0,0,0,0,0,0,0.238232,0.973681,2.149236,3.730155,5.571548,7.529669,9.270355,10.603856,11.285598,11.219489,10.410326,9.000769,7.159739,5.201612,3.2954,1.756582,0.595791,0.00796,0,0,0
C_1_1_4 - Average,"Friday, 22 August 2025 4:02:43 PM",496.539,529.07,460.849,Inclusive Mean =  1.02 phi (Medium Sand),Standard Deviation =  198.48 um =  2.33phi,Inclusive SD (Sorting Coeff.) =  .55 phi (Moderately Well Sorted),Inclusive Skewness =  .01 (Near Symmetrical),Inclusive Kurtosis = .94 phi (Mesokurtic),NA,0,0,0,0,0,0,0,0,0,0,0,0,0,0,0,0,0,0,0,0,0,0,0,0,0,0,0,0,0,0,0,0,0,0,0,0,0,0,0,0,0,0,0,0,0,0,0,0,0,0,0,0,0,0,0,0,0,0,0,0,0,0,0,0,0,0,0,0,0,0,0,0,0,0,0,0,0,0,0,0.236047,0.972355,2.151485,3.737293,5.585098,7.550039,9.296038,10.631816,11.311332,11.238102,10.417762,8.995239,7.141478,5.173504,3.263932,1.721447,0.569573,0.007461,0,0,0
C_1_1_3,"Friday, 22 August 2025 4:14:25 PM",474.195,507.576,440.671,Inclusive Mean =  1.08 phi (Medium Sand),Standard Deviation =  193.36 um =  2.37phi,Inclusive SD (Sorting Coeff.) =  .56 phi (Moderately Well Sorted),Inclusive Skewness =  0 (Near Symmetrical),Inclusive Kurtosis = .94 phi (Mesokurtic),NA,0,0,0,0,0,0,0,0,0,0,0,0,0,0,0,0,0,0,0,0,0,0,0,0,0,0,0,0,0,0,0,0,0,0,0,0,0,0,0,0,0,0,0,0,0,0,0,0,0,0,0,0,0,0,0,0,0,0,0,0,0,0,0,0,0,0,0,0,0,0,0,0,0,0,0,0,0,0,0.005126,0.5202,1.466022,2.76225,4.472147,6.348326,8.242399,9.816161,10.890041,11.262743,10.886561,9.82089,8.251105,6.363104,4.465806,2.714228,1.333442,0.379449,0,0,0,0
C_1_1_3,"Friday, 22 August 2025 4:15:32 PM",475.371,510.56,442.656,Inclusive Mean =  1.07 phi (Medium Sand),Standard Deviation =  195.78 um =  2.35phi,Inclusive SD (Sorting Coeff.) =  .56 phi (Moderately Well Sorted),Inclusive Skewness =  0 (Near Symmetrical),Inclusive Kurtosis = .94 phi (Mesokurtic),NA,0,0,0,0,0,0,0,0,0,0,0,0,0,0,0,0,0,0,0,0,0,0,0,0,0,0,0,0,0,0,0,0,0,0,0,0,0,0,0,0,0,0,0,0,0,0,0,0,0,0,0,0,0,0,0,0,0,0,0,0,0,0,0,0,0,0,0,0,0,0,0,0,0,0,0,0,0,0,0,0.506167,1.431288,2.716125,4.413201,6.282077,8.17462,9.753165,10.837664,11.225267,10.867241,9.822766,8.276309,6.414399,4.543734,2.806873,1.451399,0.471605,0.006099,0,0,0
C_1_1_3,"Friday, 22 August 2025 4:16:39 PM",476.742,510.556,442.65,Inclusive Mean =  1.07 phi (Medium Sand),Standard Deviation =  195.39 um =  2.36phi,Inclusive SD (Sorting Coeff.) =  .56 phi (Moderately Well Sorted),Inclusive Skewness =  0 (Near Symmetrical),Inclusive Kurtosis = .94 phi (Mesokurtic),NA,0,0,0,0,0,0,0,0,0,0,0,0,0,0,0,0,0,0,0,0,0,0,0,0,0,0,0,0,0,0,0,0,0,0,0,0,0,0,0,0,0,0,0,0,0,0,0,0,0,0,0,0,0,0,0,0,0,0,0,0,0,0,0,0,0,0,0,0,0,0,0,0,0,0,0,0,0,0,0.005114,0.516987,1.449051,2.724716,4.411282,6.265665,8.144926,9.716701,10.804245,11.205979,10.870293,9.849268,8.319201,6.459765,4.575016,2.81581,1.425831,0.434839,0.005311,0,0,0
C_1_1_3 - Average,"Friday, 22 August 2025 4:14:25 PM",475.428,509.564,441.99,Inclusive Mean =  1.07 phi (Medium Sand),Standard Deviation =  194.85 um =  2.36phi,Inclusive SD (Sorting Coeff.) =  .56 phi (Moderately Well Sorted),Inclusive Skewness =  0 (Near Symmetrical),Inclusive Kurtosis = .94 phi (Mesokurtic),NA,0,0,0,0,0,0,0,0,0,0,0,0,0,0,0,0,0,0,0,0,0,0,0,0,0,0,0,0,0,0,0,0,0,0,0,0,0,0,0,0,0,0,0,0,0,0,0,0,0,0,0,0,0,0,0,0,0,0,0,0,0,0,0,0,0,0,0,0,0,0,0,0,0,0,0,0,0,0,0.005045,0.512819,1.448787,2.734364,4.43221,6.298689,8.187315,9.762009,10.843983,11.23133,10.874699,9.830975,8.282205,6.412422,4.528185,2.77897,1.403557,0.427224,0.00521,0,0,0
C_1_1_2,"Friday, 22 August 2025 4:25:43 PM",464.775,495.61,430.263,Inclusive Mean =  1.11 phi (Medium Sand),Standard Deviation =  188.32 um =  2.41phi,Inclusive SD (Sorting Coeff.) =  .56 phi (Moderately Well Sorted),Inclusive Skewness =  .01 (Near Symmetrical),Inclusive Kurtosis = .94 phi (Mesokurtic),NA,0,0,0,0,0,0,0,0,0,0,0,0,0,0,0,0,0,0,0,0,0,0,0,0,0,0,0,0,0,0,0,0,0,0,0,0,0,0,0,0,0,0,0,0,0,0,0,0,0,0,0,0,0,0,0,0,0,0,0,0,0,0,0,0,0,0,0,0,0,0,0,0,0,0,0,0,0,0.005377,0.083874,0.691395,1.713084,3.081465,4.83202,6.712037,8.563368,10.052017,11.00686,11.24596,10.740304,9.567411,7.925832,6.004315,4.109794,2.403313,1.059497,0.202077,0,0,0,0
C_1_1_2,"Friday, 22 August 2025 4:26:50 PM",465.926,496.973,430.884,Inclusive Mean =  1.11 phi (Medium Sand),Standard Deviation =  189.69 um =  2.4phi,Inclusive SD (Sorting Coeff.) =  .56 phi (Moderately Well Sorted),Inclusive Skewness =  .01 (Near Symmetrical),Inclusive Kurtosis = .94 phi (Mesokurtic),NA,0,0,0,0,0,0,0,0,0,0,0,0,0,0,0,0,0,0,0,0,0,0,0,0,0,0,0,0,0,0,0,0,0,0,0,0,0,0,0,0,0,0,0,0,0,0,0,0,0,0,0,0,0,0,0,0,0,0,0,0,0,0,0,0,0,0,0,0,0,0,0,0,0,0,0,0,0,0.00741,0.095269,0.703227,1.719921,3.076938,4.81185,6.674494,8.510585,9.991163,10.947943,11.200062,10.716504,9.570122,7.953499,6.051143,4.166589,2.458565,1.110156,0.234559,0,0,0,0
C_1_1_2,"Friday, 22 August 2025 4:27:58 PM",467.32,497.485,431.982,Inclusive Mean =  1.11 phi (Medium Sand),Standard Deviation =  188.71 um =  2.41phi,Inclusive SD (Sorting Coeff.) =  .56 phi (Moderately Well Sorted),Inclusive Skewness =  .01 (Near Symmetrical),Inclusive Kurtosis = .94 phi (Mesokurtic),NA,0,0,0,0,0,0,0,0,0,0,0,0,0,0,0,0,0,0,0,0,0,0,0,0,0,0,0,0,0,0,0,0,0,0,0,0,0,0,0,0,0,0,0,0,0,0,0,0,0,0,0,0,0,0,0,0,0,0,0,0,0,0,0,0,0,0,0,0,0,0,0,0,0,0,0,0,0,0,0.080598,0.669993,1.674127,3.025891,4.761574,6.634738,8.490629,9.996681,10.980702,11.255449,10.784964,9.638893,8.010374,6.08642,4.176502,2.44735,1.07984,0.205276,0,0,0,0
C_1_1_2 - Average,"Friday, 22 August 2025 4:25:43 PM",466.007,496.689,431.042,Inclusive Mean =  1.11 phi (Medium Sand),Standard Deviation =  188.91 um =  2.4phi,Inclusive SD (Sorting Coeff.) =  .56 phi (Moderately Well Sorted),Inclusive Skewness =  .01 (Near Symmetrical),Inclusive Kurtosis = .94 phi (Mesokurtic),NA,0,0,0,0,0,0,0,0,0,0,0,0,0,0,0,0,0,0,0,0,0,0,0,0,0,0,0,0,0,0,0,0,0,0,0,0,0,0,0,0,0,0,0,0,0,0,0,0,0,0,0,0,0,0,0,0,0,0,0,0,0,0,0,0,0,0,0,0,0,0,0,0,0,0,0,0,0,0.005677,0.085165,0.688205,1.702377,3.061431,4.801815,6.673757,8.521527,10.013287,10.978501,11.233824,10.747257,9.592142,7.963235,6.047293,4.150962,2.43641,1.083164,0.21397,0,0,0,0
C_1_1_1,"Friday, 22 August 2025 4:37:26 PM",484.609,516.164,447.397,Inclusive Mean =  1.06 phi (Medium Sand),Standard Deviation =  196.95 um =  2.34phi,Inclusive SD (Sorting Coeff.) =  .56 phi (Moderately Well Sorted),Inclusive Skewness =  .01 (Near Symmetrical),Inclusive Kurtosis = .94 phi (Mesokurtic),NA,0,0,0,0,0,0,0,0,0,0,0,0,0,0,0,0,0,0,0,0,0,0,0,0,0,0,0,0,0,0,0,0,0,0,0,0,0,0,0,0,0,0,0,0,0,0,0,0,0,0,0,0,0,0,0,0,0,0,0,0,0,0,0,0,0,0,0,0,0,0,0,0,0,0,0,0,0,0,0,0.497465,1.37751,2.597709,4.228412,6.043408,7.912994,9.514211,10.671025,11.170919,10.94417,10.019455,8.552769,6.712484,4.801394,2.981643,1.513873,0.455087,0.005472,0,0,0
C_1_1_1,"Friday, 22 August 2025 4:38:33 PM",484.743,517.568,448.113,Inclusive Mean =  1.05 phi (Medium Sand),Standard Deviation =  198.5 um =  2.33phi,Inclusive SD (Sorting Coeff.) =  .56 phi (Moderately Well Sorted),Inclusive Skewness =  .01 (Near Symmetrical),Inclusive Kurtosis = .94 phi (Mesokurtic),NA,0,0,0,0,0,0,0,0,0,0,0,0,0,0,0,0,0,0,0,0,0,0,0,0,0,0,0,0,0,0,0,0,0,0,0,0,0,0,0,0,0,0,0,0,0,0,0,0,0,0,0,0,0,0,0,0,0,0,0,0,0,0,0,0,0,0,0,0,0,0,0,0,0,0,0,0,0,0,0,0.496168,1.373743,2.590407,4.21621,6.02536,7.888445,9.483715,10.636211,11.134974,10.911591,9.995888,8.543513,6.722921,4.834551,3.031023,1.588023,0.520489,0.006768,0,0,0
C_1_1_1,"Friday, 22 August 2025 4:39:40 PM",485.362,517.735,448.567,Inclusive Mean =  1.05 phi (Medium Sand),Standard Deviation =  197.99 um =  2.34phi,Inclusive SD (Sorting Coeff.) =  .56 phi (Moderately Well Sorted),Inclusive Skewness =  .01 (Near Symmetrical),Inclusive Kurtosis = .94 phi (Mesokurtic),NA,0,0,0,0,0,0,0,0,0,0,0,0,0,0,0,0,0,0,0,0,0,0,0,0,0,0,0,0,0,0,0,0,0,0,0,0,0,0,0,0,0,0,0,0,0,0,0,0,0,0,0,0,0,0,0,0,0,0,0,0,0,0,0,0,0,0,0,0,0,0,0,0,0,0,0,0,0,0,0,0.481332,1.352083,2.568467,4.194002,6.00752,7.878402,9.483702,10.64735,11.156175,10.94001,10.027026,8.572243,6.743877,4.843592,3.028262,1.569877,0.499742,0.006337,0,0,0
C_1_1_1 - Average,"Friday, 22 August 2025 4:37:26 PM",484.905,517.156,448.025,Inclusive Mean =  1.05 phi (Medium Sand),Standard Deviation =  197.82 um =  2.34phi,Inclusive SD (Sorting Coeff.) =  .56 phi (Moderately Well Sorted),Inclusive Skewness =  .01 (Near Symmetrical),Inclusive Kurtosis = .94 phi (Mesokurtic),NA,0,0,0,0,0,0,0,0,0,0,0,0,0,0,0,0,0,0,0,0,0,0,0,0,0,0,0,0,0,0,0,0,0,0,0,0,0,0,0,0,0,0,0,0,0,0,0,0,0,0,0,0,0,0,0,0,0,0,0,0,0,0,0,0,0,0,0,0,0,0,0,0,0,0,0,0,0,0,0,0.491655,1.367779,2.585528,4.212875,6.025429,7.893281,9.493876,10.651528,11.154023,10.931924,10.014123,8.556175,6.726428,4.826512,3.013643,1.557258,0.491773,0.006192,0,0,0
C_1_2_21,"Monday, 25 August 2025 10:55:44 AM",916.114,602.98,81.753,Inclusive Mean =  1.36 phi (Medium Sand),Standard Deviation =  488.54 um =  1.03phi,Inclusive SD (Sorting Coeff.) =  1.81 phi (Poorly Sorted),Inclusive Skewness =  .43 (Strongly Fine Skewed),Inclusive Kurtosis = .96 phi (Mesokurtic),NA,0,0,0,0,0,0,0,0,0,0,0,0,0,0,0,0,0,0,0,0,0,0,0,0,0,0,0,0,0,0,0,0,0,0,0,0,0,0.057623,0.064359,0.074419,0.086113,0.099659,0.112913,0.126047,0.138534,0.150434,0.161249,0.17143,0.181149,0.191115,0.202292,0.215547,0.232412,0.253154,0.279094,0.309571,0.344288,0.381511,0.418656,0.453467,0.48219,0.50382,0.517003,0.52396,0.529221,0.540327,0.567391,0.620977,0.714508,0.852212,1.041753,1.274749,1.541367,1.820231,2.083215,2.306848,2.458863,2.527469,2.50554,2.403996,2.250316,2.084841,1.953311,1.905319,1.982618,2.205379,2.581774,3.083619,3.672029,4.283888,4.843512,5.293375,5.560484,5.611346,5.426951,4.999119,4.343249,3.539716,2.424866,1.433615
C_1_2_21,"Monday, 25 August 2025 10:56:51 AM",916.114,609.076,83.02,Inclusive Mean =  1.34 phi (Medium Sand),Standard Deviation =  488.79 um =  1.03phi,Inclusive SD (Sorting Coeff.) =  1.81 phi (Poorly Sorted),Inclusive Skewness =  .44 (Strongly Fine Skewed),Inclusive Kurtosis = .97 phi (Mesokurtic),NA,0,0,0,0,0,0,0,0,0,0,0,0,0,0,0,0,0,0,0,0,0,0,0,0,0,0,0,0,0,0,0,0,0,0,0,0,0,0.055836,0.062538,0.072434,0.084066,0.097478,0.110667,0.123777,0.136268,0.148204,0.159073,0.16932,0.179103,0.189117,0.200307,0.213522,0.230273,0.250814,0.27644,0.30649,0.340662,0.377241,0.413684,0.447771,0.475827,0.496874,0.509606,0.51622,0.521181,0.531889,0.558243,0.610562,0.701911,0.836338,1.021208,1.248201,1.507582,1.778389,2.033179,2.249113,2.395077,2.460015,2.437789,2.339951,2.194362,2.041218,1.925799,1.896161,1.993034,2.233958,2.626011,3.139176,3.733997,4.347497,4.905238,5.351595,5.615954,5.666202,5.483238,5.057144,4.400597,3.592309,2.464094,1.458175
C_1_2_21,"Monday, 25 August 2025 10:57:59 AM",882.993,584.762,79.226,Inclusive Mean =  1.41 phi (Medium Sand),Standard Deviation =  481.03 um =  1.06phi,Inclusive SD (Sorting Coeff.) =  1.83 phi (Poorly Sorted),Inclusive Skewness =  .42 (Strongly Fine Skewed),Inclusive Kurtosis = .98 phi (Mesokurtic),NA,0,0,0,0,0,0,0,0,0,0,0,0,0,0,0,0,0,0,0,0,0,0,0,0,0,0,0,0,0,0,0,0,0,0,0,0,0,0.058307,0.065373,0.075773,0.088071,0.102228,0.116191,0.130104,0.14339,0.156128,0.167774,0.178804,0.189386,0.20026,0.212423,0.226761,0.244859,0.266938,0.29433,0.326254,0.362323,0.400647,0.438501,0.473518,0.50191,0.52273,0.534833,0.540722,0.545336,0.556592,0.58492,0.640971,0.738085,0.879873,1.073393,1.309242,1.576751,1.853945,2.112713,2.330134,2.475653,2.539476,2.517139,2.421924,2.283063,2.141076,2.040499,2.026762,2.137283,2.384318,2.770394,3.261427,3.815462,4.369664,4.853863,5.216897,5.399657,5.377907,5.144635,4.696863,4.052712,3.285987,2.243443,1.323404
C_1_2_21 - Average,"Monday, 25 August 2025 10:55:44 AM",905.443,598.939,81.302,Inclusive Mean =  1.37 phi (Medium Sand),Standard Deviation =  486.24 um =  1.04phi,Inclusive SD (Sorting Coeff.) =  1.82 phi (Poorly Sorted),Inclusive Skewness =  .43 (Strongly Fine Skewed),Inclusive Kurtosis = .97 phi (Mesokurtic),NA,0,0,0,0,0,0,0,0,0,0,0,0,0,0,0,0,0,0,0,0,0,0,0,0,0,0,0,0,0,0,0,0,0,0,0,0,0,0.057255,0.06409,0.074208,0.086084,0.099788,0.113257,0.126643,0.139397,0.151589,0.162699,0.173185,0.183213,0.193497,0.205007,0.21861,0.235848,0.256969,0.283288,0.314105,0.349091,0.386466,0.423614,0.458252,0.486642,0.507808,0.520481,0.526967,0.531913,0.542936,0.570185,0.62417,0.718168,0.856141,1.045451,1.277397,1.5419,1.817522,2.076369,2.295365,2.443197,2.508987,2.486823,2.388624,2.24258,2.089045,1.973203,1.942748,2.037645,2.274552,2.659393,3.161408,3.740496,4.333683,4.867538,5.287289,5.525365,5.551818,5.351608,4.917708,4.265519,3.472671,2.377468,1.405065
C_1_2_20,"Monday, 25 August 2025 11:07:12 AM",900.214,534.738,70.005,Inclusive Mean =  1.62 phi (Medium Sand),Standard Deviation =  479.44 um =  1.06phi,Inclusive SD (Sorting Coeff.) =  1.88 phi (Poorly Sorted),Inclusive Skewness =  .29 (Fine Skewed),Inclusive Kurtosis = .93 phi (Mesokurtic),NA,0,0,0,0,0,0,0,0,0,0,0,0,0,0,0,0,0,0,0,0,0,0,0,0,0,0,0,0,0,0,0,0,0,0,0,0.015484,0.05648,0.059383,0.071293,0.083021,0.097445,0.111985,0.12671,0.141278,0.154873,0.167759,0.179353,0.190203,0.200573,0.211313,0.22356,0.238322,0.257307,0.280744,0.30999,0.344113,0.382585,0.423303,0.463333,0.500229,0.530227,0.55281,0.567518,0.578193,0.591544,0.617602,0.669259,0.758583,0.90136,1.09931,1.359748,1.668121,2.009381,2.354546,2.667887,2.920353,3.074887,3.118803,3.047859,2.876818,2.640505,2.385641,2.162027,2.024036,2.010367,2.142264,2.421069,2.818059,3.292437,3.784832,4.228901,4.575893,4.768401,4.781152,4.601959,4.224369,3.661144,2.978721,2.038414,1.204358
C_1_2_20,"Monday, 25 August 2025 11:08:20 AM",891.902,544.137,70.973,Inclusive Mean =  1.57 phi (Medium Sand),Standard Deviation =  480.51 um =  1.06phi,Inclusive SD (Sorting Coeff.) =  1.87 phi (Poorly Sorted),Inclusive Skewness =  .33 (Strongly Fine Skewed),Inclusive Kurtosis = .93 phi (Mesokurtic),NA,0,0,0,0,0,0,0,0,0,0,0,0,0,0,0,0,0,0,0,0,0,0,0,0,0,0,0,0,0,0,0,0,0,0,0,0.01498,0.054705,0.057655,0.069375,0.081088,0.095454,0.110041,0.12486,0.139558,0.153295,0.166316,0.178016,0.18894,0.199349,0.210102,0.222345,0.237106,0.256102,0.279571,0.308868,0.34305,0.38156,0.422256,0.462146,0.498707,0.528107,0.549734,0.56311,0.57202,0.583212,0.60675,0.655546,0.741755,0.881025,1.075104,1.330983,1.633958,1.968584,2.30558,2.609116,2.849923,2.991672,3.022079,2.938747,2.758014,2.517284,2.265548,2.054554,1.939055,1.957933,2.128795,2.45076,2.889817,3.401298,3.921925,4.38279,4.734473,4.920393,4.917705,4.718208,4.318318,3.733504,3.031828,2.072102,1.223243
C_1_2_20,"Monday, 25 August 2025 11:09:27 AM",905.849,541.484,69.828,Inclusive Mean =  1.6 phi (Medium Sand),Standard Deviation =  482.64 um =  1.05phi,Inclusive SD (Sorting Coeff.) =  1.88 phi (Poorly Sorted),Inclusive Skewness =  .31 (Strongly Fine Skewed),Inclusive Kurtosis = .93 phi (Mesokurtic),NA,0,0,0,0,0,0,0,0,0,0,0,0,0,0,0,0,0,0,0,0,0,0,0,0,0,0,0,0,0,0,0,0,0,0,0,0.015093,0.055149,0.05819,0.070085,0.082032,0.096664,0.111568,0.126744,0.141845,0.156014,0.1695,0.181672,0.193081,0.203977,0.215231,0.228006,0.243336,0.262973,0.28714,0.317216,0.352226,0.391609,0.433179,0.473893,0.511179,0.541111,0.563023,0.576365,0.584906,0.59543,0.618112,0.666043,0.751658,0.890932,1.085971,1.344166,1.651093,1.99154,2.336168,2.648677,2.899222,3.049995,3.087499,3.007396,2.82443,2.574461,2.305813,2.070284,1.924786,1.910123,2.049219,2.344324,2.766066,3.272219,3.800423,4.279942,4.658387,4.873421,4.898072,4.719566,4.333125,3.754203,3.052841,2.088127,1.233261
C_1_2_20 - Average,"Monday, 25 August 2025 11:07:12 AM",899.332,540.12,70.265,Inclusive Mean =  1.6 phi (Medium Sand),Standard Deviation =  480.88 um =  1.06phi,Inclusive SD (Sorting Coeff.) =  1.88 phi (Poorly Sorted),Inclusive Skewness =  .31 (Strongly Fine Skewed),Inclusive Kurtosis = .93 phi (Mesokurtic),NA,0,0,0,0,0,0,0,0,0,0,0,0,0,0,0,0,0,0,0,0,0,0,0,0,0,0,0,0,0,0,0,0,0,0,0,0.015185,0.055445,0.05841,0.070251,0.082047,0.096521,0.111198,0.126105,0.140894,0.154727,0.167858,0.17968,0.190741,0.2013,0.212215,0.224637,0.239588,0.258794,0.282485,0.312025,0.346463,0.385251,0.426246,0.466458,0.503372,0.533149,0.555189,0.568998,0.578373,0.590062,0.614155,0.663616,0.750666,0.891106,1.086795,1.344966,1.651057,1.989835,2.332098,2.641893,2.889833,3.038852,3.076127,2.998001,2.819754,2.577417,2.319001,2.095622,1.962626,1.959474,2.106759,2.405384,2.824647,3.321985,3.835727,4.297211,4.656251,4.854072,4.865643,4.679911,4.291937,3.716284,3.02113,2.066214,1.220287
C_1_2_19,"Monday, 25 August 2025 11:18:23 AM",888.022,559.554,73.272,Inclusive Mean =  1.51 phi (Medium Sand),Standard Deviation =  481.56 um =  1.05phi,Inclusive SD (Sorting Coeff.) =  1.85 phi (Poorly Sorted),Inclusive Skewness =  .37 (Strongly Fine Skewed),Inclusive Kurtosis = .94 phi (Mesokurtic),NA,0,0,0,0,0,0,0,0,0,0,0,0,0,0,0,0,0,0,0,0,0,0,0,0,0,0,0,0,0,0,0,0,0,0,0,0.014669,0.053561,0.056426,0.067786,0.079021,0.092841,0.106847,0.121103,0.135289,0.14861,0.161317,0.172816,0.183616,0.193924,0.204523,0.216467,0.230708,0.248892,0.271275,0.2992,0.331824,0.368656,0.407647,0.445902,0.480927,0.508958,0.529299,0.541389,0.548698,0.557538,0.577419,0.620635,0.699013,0.827683,1.008876,1.249501,1.535886,1.853339,2.173921,2.463421,2.693994,2.831254,2.864146,2.791012,2.628466,2.413069,2.192442,2.016998,1.938809,1.99607,2.202986,2.558198,3.025184,3.558359,4.093557,4.561789,4.914462,5.096406,5.085981,4.875993,4.462377,3.859867,3.136795,2.145302,1.267059
C_1_2_19,"Monday, 25 August 2025 11:19:30 AM",931.832,554.306,71.147,Inclusive Mean =  1.55 phi (Medium Sand),Standard Deviation =  487.33 um =  1.04phi,Inclusive SD (Sorting Coeff.) =  1.88 phi (Poorly Sorted),Inclusive Skewness =  .33 (Strongly Fine Skewed),Inclusive Kurtosis = .93 phi (Mesokurtic),NA,0,0,0,0,0,0,0,0,0,0,0,0,0,0,0,0,0,0,0,0,0,0,0,0,0,0,0,0,0,0,0,0,0,0,0,0.014819,0.05418,0.057233,0.068925,0.080656,0.095023,0.109682,0.124652,0.139603,0.153698,0.167184,0.179418,0.190918,0.201884,0.213125,0.225741,0.240722,0.259794,0.28322,0.312402,0.34645,0.384842,0.42543,0.465186,0.501508,0.530485,0.551387,0.563637,0.570804,0.57937,0.599081,0.642507,0.721749,0.852251,1.036394,1.28137,1.573583,1.898596,2.228677,2.529662,2.773953,2.92628,2.974918,2.91559,2.762316,2.547697,2.315697,2.113392,1.992136,1.989412,2.126087,2.405734,2.803256,3.282977,3.790914,4.263834,4.654407,4.90043,4.970548,4.840608,4.494243,3.934407,3.227471,2.221002,1.316843
C_1_2_19,"Monday, 25 August 2025 11:20:37 AM",935.29,573.483,75.991,Inclusive Mean =  1.48 phi (Medium Sand),Standard Deviation =  491.27 um =  1.03phi,Inclusive SD (Sorting Coeff.) =  1.87 phi (Poorly Sorted),Inclusive Skewness =  .38 (Strongly Fine Skewed),Inclusive Kurtosis = .93 phi (Mesokurtic),NA,0,0,0,0,0,0,0,0,0,0,0,0,0,0,0,0,0,0,0,0,0,0,0,0,0,0,0,0,0,0,0,0,0,0,0,0,0,0.059576,0.067026,0.077855,0.09083,0.105655,0.12033,0.134966,0.148929,0.162293,0.174462,0.185918,0.196832,0.207978,0.220419,0.235111,0.253737,0.276554,0.304935,0.33802,0.375304,0.414702,0.453267,0.488453,0.516435,0.536456,0.547901,0.554152,0.561426,0.579109,0.619328,0.693857,0.817643,0.993199,1.227524,1.507643,1.819558,2.136306,2.424561,2.657138,2.799613,2.840273,2.77545,2.619378,2.405362,2.178249,1.986381,1.88201,1.904361,2.073715,2.394152,2.837914,3.366855,3.922914,4.438354,4.863231,5.132016,5.213293,5.082748,4.724183,4.140544,3.40075,2.342696,1.390169
C_1_2_19 - Average,"Monday, 25 August 2025 11:18:23 AM",918.001,562.448,73.417,Inclusive Mean =  1.51 phi (Medium Sand),Standard Deviation =  486.8 um =  1.04phi,Inclusive SD (Sorting Coeff.) =  1.87 phi (Poorly Sorted),Inclusive Skewness =  .36 (Strongly Fine Skewed),Inclusive Kurtosis = .93 phi (Mesokurtic),NA,0,0,0,0,0,0,0,0,0,0,0,0,0,0,0,0,0,0,0,0,0,0,0,0,0,0,0,0,0,0,0,0,0,0,0,0.008285,0.038831,0.056681,0.067592,0.079066,0.093039,0.107383,0.122015,0.136628,0.15041,0.163598,0.175565,0.186817,0.197547,0.208542,0.220876,0.235514,0.254141,0.277016,0.305512,0.338765,0.376267,0.415926,0.454785,0.490296,0.518626,0.539047,0.550976,0.557885,0.566111,0.585203,0.62749,0.704873,0.832526,1.012823,1.252798,1.539038,1.857164,2.179635,2.472548,2.708362,2.852382,2.893112,2.827351,2.670053,2.455376,2.228796,2.038924,1.937652,1.963281,2.134263,2.452695,2.888785,3.40273,3.935795,4.421326,4.8107,5.042951,5.089941,4.933116,4.560268,3.978273,3.255006,2.236333,1.32469
C_1_2_18,"Monday, 25 August 2025 11:29:24 AM",901.667,578.575,84.672,Inclusive Mean =  1.42 phi (Medium Sand),Standard Deviation =  483.7 um =  1.05phi,Inclusive SD (Sorting Coeff.) =  1.79 phi (Poorly Sorted),Inclusive Skewness =  .38 (Strongly Fine Skewed),Inclusive Kurtosis = .94 phi (Mesokurtic),NA,0,0,0,0,0,0,0,0,0,0,0,0,0,0,0,0,0,0,0,0,0,0,0,0,0,0,0,0,0,0,0,0,0,0,0,0,0,0.051905,0.058567,0.068092,0.079447,0.092268,0.104819,0.117156,0.128727,0.139588,0.149286,0.158283,0.166842,0.175749,0.18606,0.198744,0.215372,0.236215,0.262513,0.293429,0.328422,0.365444,0.401582,0.434199,0.459379,0.475975,0.483162,0.483901,0.484379,0.494153,0.525806,0.592175,0.709233,0.881191,1.116386,1.403169,1.728282,2.064538,2.377084,2.637033,2.806252,2.871334,2.826172,2.685456,2.483774,2.268819,2.092053,2.007665,2.05635,2.255435,2.605669,3.07252,3.611478,4.158605,4.644434,5.01998,5.227576,5.243964,5.057642,4.659773,4.058625,3.320623,2.283253,1.353996
C_1_2_18,"Monday, 25 August 2025 11:30:31 AM",926.857,588.293,84.952,Inclusive Mean =  1.39 phi (Medium Sand),Standard Deviation =  488.84 um =  1.03phi,Inclusive SD (Sorting Coeff.) =  1.79 phi (Poorly Sorted),Inclusive Skewness =  .39 (Strongly Fine Skewed),Inclusive Kurtosis = .93 phi (Mesokurtic),NA,0,0,0,0,0,0,0,0,0,0,0,0,0,0,0,0,0,0,0,0,0,0,0,0,0,0,0,0,0,0,0,0,0,0,0,0,0,0.051204,0.05789,0.067392,0.078828,0.091718,0.104402,0.116924,0.128711,0.139822,0.149783,0.159052,0.167876,0.177029,0.187553,0.200396,0.217119,0.237976,0.264205,0.294971,0.329747,0.366512,0.402393,0.434797,0.459857,0.476447,0.483738,0.484635,0.48519,0.49476,0.525645,0.590389,0.704587,0.872373,1.10194,1.382029,1.699881,2.029184,2.336099,2.59258,2.761183,2.828475,2.787575,2.651848,2.453824,2.239198,2.05785,1.963577,1.997635,2.180647,2.516849,2.976771,3.520265,4.08647,4.605688,5.027094,5.285754,5.352119,5.205166,4.830205,4.230834,3.475894,2.396235,1.423209
C_1_2_18,"Monday, 25 August 2025 11:31:39 AM",923.959,606.443,91.003,Inclusive Mean =  1.33 phi (Medium Sand),Standard Deviation =  490.54 um =  1.03phi,Inclusive SD (Sorting Coeff.) =  1.78 phi (Poorly Sorted),Inclusive Skewness =  .42 (Strongly Fine Skewed),Inclusive Kurtosis = .93 phi (Mesokurtic),NA,0,0,0,0,0,0,0,0,0,0,0,0,0,0,0,0,0,0,0,0,0,0,0,0,0,0,0,0,0,0,0,0,0,0,0,0,0,0,0.040278,0.068804,0.075571,0.08799,0.100349,0.112956,0.124393,0.135416,0.145271,0.154438,0.163145,0.172122,0.182378,0.194835,0.211017,0.231193,0.256581,0.2864,0.32015,0.355872,0.390752,0.42222,0.446439,0.462205,0.46861,0.468353,0.467262,0.474421,0.501828,0.561873,0.669827,0.83004,1.050559,1.320611,1.627688,1.945939,2.242014,2.487953,2.646802,2.704826,2.655552,2.5124,2.30881,2.091956,1.91397,1.831104,1.887849,2.105617,2.489634,3.006984,3.613159,4.240322,4.811178,5.269952,5.547108,5.613438,5.450344,5.046695,4.410654,3.616559,2.489802,1.477531
C_1_2_18 - Average,"Monday, 25 August 2025 11:29:24 AM",917.763,591.103,86.78,Inclusive Mean =  1.38 phi (Medium Sand),Standard Deviation =  487.84 um =  1.04phi,Inclusive SD (Sorting Coeff.) =  1.79 phi (Poorly Sorted),Inclusive Skewness =  .4 (Strongly Fine Skewed),Inclusive Kurtosis = .93 phi (Mesokurtic),NA,0,0,0,0,0,0,0,0,0,0,0,0,0,0,0,0,0,0,0,0,0,0,0,0,0,0,0,0,0,0,0,0,0,0,0,0,0,0.032921,0.054184,0.067437,0.078035,0.09071,0.10325,0.11564,0.127289,0.138274,0.148112,0.157259,0.165954,0.174967,0.18533,0.197992,0.214503,0.235128,0.2611,0.2916,0.326107,0.36261,0.398242,0.430405,0.455225,0.471542,0.478503,0.478963,0.478944,0.487778,0.51776,0.581479,0.694549,0.861201,1.089629,1.368603,1.685284,2.01322,2.318399,2.572522,2.738079,2.801544,2.756433,2.616568,2.415469,2.199991,2.021291,1.934115,1.980612,2.180566,2.537384,3.018758,3.581634,4.161799,4.6871,5.105675,5.353479,5.403174,5.237717,4.845558,4.233371,3.471025,2.389763,1.418245
C_1_2_17,"Monday, 25 August 2025 11:40:35 AM",935.21,537.234,67.712,Inclusive Mean =  1.64 phi (Medium Sand),Standard Deviation =  487.58 um =  1.04phi,Inclusive SD (Sorting Coeff.) =  1.91 phi (Poorly Sorted),Inclusive Skewness =  .28 (Fine Skewed),Inclusive Kurtosis = .92 phi (Mesokurtic),NA,0,0,0,0,0,0,0,0,0,0,0,0,0,0,0,0,0,0,0,0,0,0,0,0,0,0,0,0,0,0,0,0,0,0,0,0.015643,0.057157,0.060301,0.07262,0.084985,0.100129,0.115545,0.131229,0.146805,0.161372,0.175173,0.187555,0.1991,0.210113,0.221551,0.234703,0.25073,0.271535,0.297378,0.329708,0.367395,0.409688,0.454049,0.497012,0.535609,0.565597,0.586227,0.597184,0.602694,0.610406,0.631481,0.680098,0.769633,0.916921,1.123857,1.397651,1.722164,2.080371,2.440473,2.763792,3.01872,3.166292,3.192792,3.094962,2.888492,2.611067,2.312242,2.044328,1.865477,1.815854,1.920875,2.183656,2.578762,3.067508,3.591814,4.083627,4.491859,4.750872,4.829202,4.704043,4.362788,3.812576,3.121508,2.144775,1.270269
C_1_2_17,"Monday, 25 August 2025 11:41:42 AM",886.989,510.876,65.178,Inclusive Mean =  1.74 phi (Medium Sand),Standard Deviation =  475.23 um =  1.07phi,Inclusive SD (Sorting Coeff.) =  1.91 phi (Poorly Sorted),Inclusive Skewness =  .23 (Fine Skewed),Inclusive Kurtosis = .93 phi (Mesokurtic),NA,0,0,0,0,0,0,0,0,0,0,0,0,0,0,0,0,0,0,0,0,0,0,0,0,0,0,0,0,0,0,0,0,0,0,0,0.01587,0.058093,0.06152,0.074317,0.087373,0.103255,0.119525,0.136109,0.152616,0.168088,0.182767,0.195948,0.208232,0.219929,0.232049,0.245956,0.262896,0.284905,0.312284,0.346591,0.38663,0.431582,0.4787,0.524212,0.564844,0.595969,0.616644,0.626493,0.62994,0.635212,0.654313,0.702508,0.794349,0.947885,1.165422,1.454605,1.798269,2.178053,2.559804,2.901984,3.170482,3.323573,3.346388,3.235865,3.009194,2.707712,2.385488,2.099258,1.911137,1.862633,1.977113,2.252516,2.655228,3.137536,3.633568,4.07277,4.404833,4.575163,4.563497,4.365425,3.98138,3.429871,2.776034,1.892473,1.115121
C_1_2_17,"Monday, 25 August 2025 11:42:50 AM",935.773,530.113,65.931,Inclusive Mean =  1.69 phi (Medium Sand),Standard Deviation =  487.7 um =  1.04phi,Inclusive SD (Sorting Coeff.) =  1.93 phi (Poorly Sorted),Inclusive Skewness =  .25 (Fine Skewed),Inclusive Kurtosis = .92 phi (Mesokurtic),NA,0,0,0,0,0,0,0,0,0,0,0,0,0,0,0,0,0,0,0,0,0,0,0,0,0,0,0,0,0,0,0,0,0,0,0,0.015521,0.056828,0.060215,0.072794,0.085699,0.101413,0.117583,0.134133,0.150687,0.166293,0.181195,0.194671,0.207309,0.219382,0.231862,0.246068,0.263189,0.285221,0.312429,0.346347,0.385799,0.430006,0.476305,0.521046,0.561076,0.591901,0.612634,0.622877,0.626914,0.632661,0.651699,0.698762,0.787899,0.936585,1.147119,1.427048,1.759996,2.128518,2.499873,2.834015,3.097959,3.250736,3.2771,3.172445,2.951599,2.652485,2.325991,2.0264,1.815686,1.736722,1.819666,2.0695,2.462559,2.95935,3.498929,4.00865,4.433145,4.702612,4.784857,4.658477,4.314314,3.763427,3.075939,2.110776,1.249105
C_1_2_17 - Average,"Monday, 25 August 2025 11:40:35 AM",919.579,526.074,66.257,Inclusive Mean =  1.69 phi (Medium Sand),Standard Deviation =  483.67 um =  1.05phi,Inclusive SD (Sorting Coeff.) =  1.92 phi (Poorly Sorted),Inclusive Skewness =  .25 (Fine Skewed),Inclusive Kurtosis = .92 phi (Mesokurtic),NA,0,0,0,0,0,0,0,0,0,0,0,0,0,0,0,0,0,0,0,0,0,0,0,0,0,0,0,0,0,0,0,0,0,0,0,0.015678,0.05736,0.060679,0.073244,0.086019,0.101599,0.117551,0.133824,0.150036,0.165251,0.179711,0.192725,0.20488,0.216475,0.228487,0.242242,0.258938,0.280554,0.307364,0.340882,0.379941,0.423759,0.469685,0.51409,0.553843,0.584489,0.605168,0.615518,0.619849,0.626093,0.645831,0.693789,0.783961,0.933797,1.145466,1.426435,1.760143,2.128981,2.50005,2.833264,3.09572,3.246867,3.272094,3.167757,2.949762,2.657088,2.34124,2.056662,1.8641,1.80507,1.905885,2.168557,2.565516,3.054798,3.57477,4.055016,4.443279,4.676216,4.725852,4.575982,4.219494,3.668625,2.99116,2.049341,1.211498
C_1_2_16,"Monday, 25 August 2025 11:51:30 AM",883.774,505.804,67.408,Inclusive Mean =  1.75 phi (Medium Sand),Standard Deviation =  471.12 um =  1.09phi,Inclusive SD (Sorting Coeff.) =  1.89 phi (Poorly Sorted),Inclusive Skewness =  .2 (Fine Skewed),Inclusive Kurtosis = .93 phi (Mesokurtic),NA,0,0,0,0,0,0,0,0,0,0,0,0,0,0,0,0,0,0,0,0,0,0,0,0,0,0,0,0,0,0,0,0,0,0,0,0.014856,0.054517,0.058013,0.070198,0.082685,0.097761,0.113245,0.129057,0.144858,0.159746,0.173951,0.186766,0.19872,0.210035,0.221606,0.234675,0.250419,0.270812,0.296274,0.328447,0.36644,0.409703,0.45582,0.501287,0.543001,0.576267,0.599986,0.613242,0.619902,0.627356,0.646904,0.693249,0.780872,0.928131,1.138661,1.421485,1.761629,2.142732,2.5324,2.889891,3.181501,3.363464,3.419498,3.342127,3.145578,2.866754,2.556618,2.269762,2.067945,1.993422,2.073771,2.310207,2.674843,3.123749,3.593616,4.014275,4.333729,4.495692,4.478172,4.276873,3.893326,3.347754,2.705133,1.842004,1.084583
C_1_2_16,"Monday, 25 August 2025 11:52:37 AM",885.113,490.972,65.164,Inclusive Mean =  1.82 phi (Medium Sand),Standard Deviation =  467.59 um =  1.1phi,Inclusive SD (Sorting Coeff.) =  1.9 phi (Poorly Sorted),Inclusive Skewness =  .16 (Fine Skewed),Inclusive Kurtosis = .94 phi (Mesokurtic),NA,0,0,0,0,0,0,0,0,0,0,0,0,0,0,0,0,0,0,0,0,0,0,0,0,0,0,0,0,0,0,0,0,0,0,0,0.015083,0.055448,0.059219,0.071849,0.084956,0.100681,0.116904,0.13349,0.150097,0.165786,0.180801,0.194399,0.207137,0.219241,0.231645,0.245644,0.262448,0.284117,0.311049,0.344927,0.384754,0.429897,0.47777,0.524692,0.567425,0.601168,0.624878,0.637806,0.644156,0.65181,0.672595,0.721747,0.814028,0.96804,1.186863,1.479187,1.828904,2.218785,2.615509,2.977724,3.271627,3.453754,3.508574,3.429468,3.23126,2.950953,2.638736,2.347622,2.137405,2.047545,2.104364,2.307702,2.631508,3.034702,3.459348,3.841625,4.134087,4.284463,4.270533,4.085583,3.727877,3.213471,2.602741,1.775523,1.046866
C_1_2_16,"Monday, 25 August 2025 11:53:45 AM",857.208,484.419,64.376,Inclusive Mean =  1.84 phi (Medium Sand),Standard Deviation =  462.17 um =  1.11phi,Inclusive SD (Sorting Coeff.) =  1.9 phi (Poorly Sorted),Inclusive Skewness =  .16 (Fine Skewed),Inclusive Kurtosis = .95 phi (Mesokurtic),NA,0,0,0,0,0,0,0,0,0,0,0,0,0,0,0,0,0,0,0,0,0,0,0,0,0,0,0,0,0,0,0,0,0,0,0,0.015084,0.055479,0.059315,0.072063,0.085399,0.1014,0.117985,0.13499,0.152066,0.168242,0.183759,0.197838,0.211042,0.22359,0.236428,0.250878,0.268175,0.290431,0.318058,0.352785,0.39359,0.439815,0.488797,0.536735,0.580264,0.614412,0.638009,0.650219,0.655222,0.661026,0.6797,0.726828,0.817669,0.971293,1.191197,1.486334,1.84051,2.236114,2.638989,3.006596,3.303827,3.485683,3.535462,3.446281,3.233385,2.936007,2.6077,2.305361,2.092755,2.012148,2.089693,2.323073,2.680062,3.112116,3.552893,3.932712,4.201689,4.31147,4.246734,4.012546,3.616264,3.082496,2.472848,1.67533,0.983141
C_1_2_16 - Average,"Monday, 25 August 2025 11:51:30 AM",875.268,493.732,65.625,Inclusive Mean =  1.8 phi (Medium Sand),Standard Deviation =  467.06 um =  1.1phi,Inclusive SD (Sorting Coeff.) =  1.9 phi (Poorly Sorted),Inclusive Skewness =  .17 (Fine Skewed),Inclusive Kurtosis = .94 phi (Mesokurtic),NA,0,0,0,0,0,0,0,0,0,0,0,0,0,0,0,0,0,0,0,0,0,0,0,0,0,0,0,0,0,0,0,0,0,0,0,0.015008,0.055148,0.058849,0.07137,0.084347,0.099947,0.116044,0.132513,0.149007,0.164592,0.179504,0.193001,0.205633,0.217622,0.229893,0.243732,0.260347,0.281787,0.30846,0.342053,0.381595,0.426472,0.474129,0.520905,0.563563,0.597282,0.620958,0.633756,0.63976,0.646731,0.666399,0.713942,0.80419,0.955822,1.17224,1.462335,1.810348,2.19921,2.595632,2.958071,3.252318,3.4343,3.487845,3.405959,3.203407,2.917905,2.601018,2.307582,2.099368,2.017705,2.089276,2.313661,2.662138,3.090189,3.535286,3.929537,4.223168,4.363875,4.331813,4.125001,3.745822,3.214574,2.593574,1.764285,1.038197
C_1_2_15,"Monday, 25 August 2025 12:02:21 PM",945.475,496.542,57.366,Inclusive Mean =  1.85 phi (Medium Sand),Standard Deviation =  479.38 um =  1.06phi,Inclusive SD (Sorting Coeff.) =  1.96 phi (Poorly Sorted),Inclusive Skewness =  .15 (Fine Skewed),Inclusive Kurtosis = .94 phi (Mesokurtic),NA,0,0,0,0,0,0,0,0,0,0,0,0,0,0,0,0,0,0,0,0,0,0,0,0,0,0,0,0,0,0,0,0,0,0.046535,0.050962,0.049944,0.059608,0.068456,0.080924,0.095975,0.112167,0.129405,0.146714,0.163826,0.179841,0.195014,0.208693,0.221541,0.233898,0.24679,0.26157,0.279408,0.302282,0.330367,0.365167,0.405445,0.450454,0.497589,0.543291,0.584521,0.616801,0.639308,0.651598,0.658075,0.666795,0.689631,0.741764,0.837616,0.995438,1.217614,1.512392,1.863105,2.252278,2.646525,3.004732,3.293391,3.469675,3.518033,3.431806,3.224753,2.932283,2.602545,2.286415,2.043269,1.911971,1.923845,2.08322,2.373217,2.761284,3.197496,3.621137,3.984583,4.225476,4.311009,4.215582,3.924228,3.440287,2.824014,1.943828,1.152596
C_1_2_15,"Monday, 25 August 2025 12:03:28 PM",947.35,500.166,59.588,Inclusive Mean =  1.84 phi (Medium Sand),Standard Deviation =  481.09 um =  1.06phi,Inclusive SD (Sorting Coeff.) =  1.96 phi (Poorly Sorted),Inclusive Skewness =  .15 (Fine Skewed),Inclusive Kurtosis = .93 phi (Mesokurtic),NA,0,0,0,0,0,0,0,0,0,0,0,0,0,0,0,0,0,0,0,0,0,0,0,0,0,0,0,0,0,0,0,0,0,0,0.031004,0.055006,0.057015,0.067061,0.079532,0.094672,0.111004,0.128468,0.146072,0.16354,0.179945,0.195538,0.209636,0.222913,0.235702,0.24904,0.264292,0.282622,0.306013,0.334602,0.369884,0.410579,0.455934,0.503333,0.549221,0.590572,0.622908,0.645395,0.657547,0.663707,0.671872,0.69389,0.744938,0.839496,0.995803,1.216303,1.50914,1.857609,2.244077,2.635035,2.989316,3.27332,3.44451,3.487422,3.395948,3.184142,2.888018,2.556368,2.240808,2.001289,1.877139,1.899081,2.070848,2.373941,2.774486,3.221383,3.653421,4.023324,4.269079,4.35841,4.265222,3.973599,3.485813,2.862631,1.970851,1.168709
C_1_2_15,"Monday, 25 August 2025 12:04:36 PM",953.015,502.582,59.79,Inclusive Mean =  1.83 phi (Medium Sand),Standard Deviation =  482.75 um =  1.05phi,Inclusive SD (Sorting Coeff.) =  1.96 phi (Poorly Sorted),Inclusive Skewness =  .16 (Fine Skewed),Inclusive Kurtosis = .93 phi (Mesokurtic),NA,0,0,0,0,0,0,0,0,0,0,0,0,0,0,0,0,0,0,0,0,0,0,0,0,0,0,0,0,0,0,0,0,0,0,0.030322,0.053827,0.055842,0.065819,0.078242,0.093347,0.10971,0.127257,0.145007,0.162689,0.179359,0.195267,0.209698,0.223315,0.236424,0.250049,0.265547,0.284079,0.307645,0.336392,0.371846,0.412745,0.45835,0.506045,0.552248,0.593897,0.626444,0.648978,0.66092,0.666513,0.673677,0.694209,0.743258,0.835406,0.98896,1.206704,1.496986,1.843498,2.228846,2.619677,2.974793,3.260435,3.433698,3.478875,3.389513,3.1795,2.884581,2.55318,2.236516,1.994397,1.866299,1.883866,2.051824,2.353038,2.754666,3.206092,3.645715,4.02558,4.282043,4.38179,4.297289,4.011785,3.52637,2.901332,2.000353,1.187429
C_1_2_15 - Average,"Monday, 25 August 2025 12:02:21 PM",948.633,499.763,58.894,Inclusive Mean =  1.84 phi (Medium Sand),Standard Deviation =  481.08 um =  1.06phi,Inclusive SD (Sorting Coeff.) =  1.96 phi (Poorly Sorted),Inclusive Skewness =  .15 (Fine Skewed),Inclusive Kurtosis = .93 phi (Mesokurtic),NA,0,0,0,0,0,0,0,0,0,0,0,0,0,0,0,0,0,0,0,0,0,0,0,0,0,0,0,0,0,0,0,0,0,0.012847,0.040095,0.052926,0.057488,0.067112,0.079566,0.094665,0.11096,0.128377,0.145931,0.163352,0.179715,0.195273,0.209342,0.22259,0.235341,0.248626,0.263803,0.282036,0.305313,0.333787,0.368965,0.40959,0.454912,0.502322,0.548253,0.589664,0.622051,0.644561,0.656688,0.662765,0.670781,0.692577,0.74332,0.837506,0.9934,1.21354,1.506173,1.854737,2.241733,2.633745,2.989614,3.275715,3.449294,3.494777,3.405755,3.196132,2.901627,2.570698,2.254579,2.012985,1.885136,1.902264,2.068631,2.366732,2.763478,3.208324,3.640091,4.011162,4.258866,4.350403,4.259364,3.969871,3.484157,2.862659,1.971677,1.169578
C_1_2_14,"Monday, 25 August 2025 12:13:28 PM",951.955,483.678,58.615,Inclusive Mean =  1.9 phi (Medium Sand),Standard Deviation =  477.04 um =  1.07phi,Inclusive SD (Sorting Coeff.) =  1.96 phi (Poorly Sorted),Inclusive Skewness =  .11 (Fine Skewed),Inclusive Kurtosis = .93 phi (Mesokurtic),NA,0,0,0,0,0,0,0,0,0,0,0,0,0,0,0,0,0,0,0,0,0,0,0,0,0,0,0,0,0,0,0,0,0,0,0.031628,0.056094,0.058116,0.068301,0.080911,0.096189,0.112616,0.130144,0.147781,0.165267,0.181685,0.197293,0.211405,0.224678,0.237424,0.250665,0.265759,0.283885,0.307049,0.335432,0.370556,0.411172,0.456525,0.503994,0.550012,0.591587,0.624346,0.647714,0.661542,0.670734,0.683864,0.713353,0.774941,0.883102,1.056396,1.29596,1.609463,1.978047,2.382407,2.786972,3.148937,3.433749,3.598803,3.629428,3.521746,3.291789,2.978146,2.630813,2.301241,2.04842,1.908881,1.911228,2.056239,2.324848,2.683494,3.08409,3.471236,3.803422,4.026471,4.112241,4.035707,3.777868,3.333632,2.754043,1.905033,1.133484
C_1_2_14,"Monday, 25 August 2025 12:14:36 PM",876.414,451.186,52.089,Inclusive Mean =  2.02 phi (Fine Sand),Standard Deviation =  456.84 um =  1.13phi,Inclusive SD (Sorting Coeff.) =  1.97 phi (Poorly Sorted),Inclusive Skewness =  .08 (Near Symmetrical),Inclusive Kurtosis = .96 phi (Mesokurtic),NA,0,0,0,0,0,0,0,0,0,0,0,0,0,0,0,0,0,0,0,0,0,0,0,0,0,0,0,0,0,0,0,0.012464,0.051053,0.047125,0.046908,0.054463,0.059256,0.070226,0.083717,0.099262,0.116864,0.135411,0.154216,0.17295,0.190594,0.207428,0.222684,0.23705,0.250841,0.265136,0.281372,0.300797,0.32554,0.355787,0.393163,0.43634,0.484522,0.534927,0.583762,0.627825,0.66243,0.686876,0.700905,0.709553,0.721756,0.750534,0.81243,0.922831,1.101342,1.34957,1.675728,2.060322,2.483097,2.906538,3.285305,3.582505,3.752859,3.780516,3.661699,3.41385,3.078976,2.711226,2.366061,2.105957,1.968618,1.980718,2.138422,2.415156,2.768741,3.142618,3.476923,3.727974,3.849866,3.824067,3.646947,3.31824,2.853406,2.30661,1.571429,0.925717
C_1_2_14,"Monday, 25 August 2025 12:15:43 PM",913.346,479.035,58.15,Inclusive Mean =  1.92 phi (Medium Sand),Standard Deviation =  472.29 um =  1.08phi,Inclusive SD (Sorting Coeff.) =  1.96 phi (Poorly Sorted),Inclusive Skewness =  .11 (Fine Skewed),Inclusive Kurtosis = .94 phi (Mesokurtic),NA,0,0,0,0,0,0,0,0,0,0,0,0,0,0,0,0,0,0,0,0,0,0,0,0,0,0,0,0,0,0,0,0,0,0,0.0305,0.054179,0.056265,0.066475,0.079223,0.094736,0.111605,0.129733,0.148129,0.166512,0.183893,0.200513,0.215599,0.229806,0.243418,0.25748,0.273395,0.292393,0.31658,0.346163,0.382748,0.425038,0.472228,0.521536,0.569174,0.611897,0.645024,0.667737,0.679745,0.685882,0.694927,0.719675,0.776415,0.880485,1.051225,1.29066,1.606979,1.981383,2.394017,2.80792,3.178177,3.467853,3.631703,3.653227,3.528447,3.274409,2.933438,2.560503,2.212426,1.953546,1.824011,1.852595,2.038062,2.35462,2.760555,3.19764,3.601689,3.92569,4.115424,4.147888,4.010881,3.698043,3.218329,2.628291,1.803621,1.06764
C_1_2_14 - Average,"Monday, 25 August 2025 12:13:28 PM",913.617,471.3,56.122,Inclusive Mean =  1.95 phi (Medium Sand),Standard Deviation =  469.02 um =  1.09phi,Inclusive SD (Sorting Coeff.) =  1.96 phi (Poorly Sorted),Inclusive Skewness =  .1 (Near Symmetrical),Inclusive Kurtosis = .94 phi (Mesokurtic),NA,0,0,0,0,0,0,0,0,0,0,0,0,0,0,0,0,0,0,0,0,0,0,0,0,0,0,0,0,0,0,0,0,0.020864,0.013252,0.039413,0.054282,0.058285,0.068317,0.08118,0.096787,0.113678,0.131764,0.150044,0.168242,0.185391,0.201745,0.216563,0.230511,0.243894,0.25776,0.273509,0.292358,0.31639,0.345794,0.382155,0.424183,0.471092,0.520152,0.567649,0.610436,0.643934,0.667442,0.680731,0.688723,0.700183,0.727854,0.787929,0.895472,1.069654,1.312063,1.630723,2.006584,2.41984,2.83381,3.204139,3.494702,3.661122,3.687724,3.570631,3.326682,2.996853,2.634181,2.293243,2.035974,1.900503,1.914847,2.077575,2.364875,2.737597,3.141449,3.516616,3.819029,3.997254,4.028066,3.897845,3.59805,3.135123,2.562981,1.760028,1.04228
C_1_2_13,"Monday, 25 August 2025 12:24:32 PM",894.16,453.711,48.602,Inclusive Mean =  2.02 phi (Fine Sand),Standard Deviation =  460.94 um =  1.12phi,Inclusive SD (Sorting Coeff.) =  1.99 phi (Poorly Sorted),Inclusive Skewness =  .08 (Near Symmetrical),Inclusive Kurtosis = .96 phi (Mesokurtic),NA,0,0,0,0,0,0,0,0,0,0,0,0,0,0,0,0,0,0,0,0,0,0,0,0,0,0,0,0,0,0,0.028184,0.055117,0.048044,0.049322,0.053771,0.055068,0.063691,0.073864,0.087592,0.103756,0.121764,0.140855,0.160176,0.179384,0.197421,0.214541,0.229941,0.244314,0.258001,0.272138,0.288236,0.307621,0.332474,0.362986,0.400745,0.444311,0.492744,0.543078,0.591334,0.6341,0.666593,0.687965,0.698109,0.702146,0.709445,0.73352,0.791519,0.899582,1.077941,1.328702,1.660398,2.053298,2.486644,2.921879,3.312246,3.619583,3.796793,3.826709,3.704149,3.445616,3.092937,2.70124,2.327741,2.03856,1.874279,1.866659,2.0146,2.294263,2.663903,3.065396,3.434546,3.723345,3.879382,3.880828,3.720497,3.39773,2.928616,2.370395,1.615712,0.951959
C_1_2_13,"Monday, 25 August 2025 12:25:40 PM",939.075,474.474,52.318,Inclusive Mean =  1.96 phi (Medium Sand),Standard Deviation =  474.29 um =  1.08phi,Inclusive SD (Sorting Coeff.) =  1.99 phi (Poorly Sorted),Inclusive Skewness =  .09 (Near Symmetrical),Inclusive Kurtosis = .95 phi (Mesokurtic),NA,0,0,0,0,0,0,0,0,0,0,0,0,0,0,0,0,0,0,0,0,0,0,0,0,0,0,0,0,0,0,0,0.012711,0.052042,0.047956,0.047572,0.055127,0.059712,0.070612,0.084045,0.099576,0.117241,0.135923,0.154937,0.17394,0.191875,0.20899,0.224459,0.238939,0.252722,0.266896,0.282923,0.30209,0.326548,0.356496,0.393519,0.436238,0.483763,0.5332,0.580638,0.622691,0.654583,0.675357,0.684759,0.687621,0.692968,0.713928,0.767243,0.868903,1.038876,1.279871,1.600696,1.982851,2.406628,2.83475,3.221469,3.529177,3.710618,3.747879,3.634037,3.383886,3.037151,2.647516,2.271392,1.975214,1.800776,1.783129,1.924714,2.206274,2.590275,3.021902,3.437273,3.787727,4.013547,4.086295,3.985795,3.701276,3.238382,2.654448,1.825523,1.081911
C_1_2_13,"Monday, 25 August 2025 12:26:48 PM",913.534,467.344,52.126,Inclusive Mean =  1.97 phi (Medium Sand),Standard Deviation =  468.08 um =  1.1phi,Inclusive SD (Sorting Coeff.) =  1.98 phi (Poorly Sorted),Inclusive Skewness =  .09 (Near Symmetrical),Inclusive Kurtosis = .95 phi (Mesokurtic),NA,0,0,0,0,0,0,0,0,0,0,0,0,0,0,0,0,0,0,0,0,0,0,0,0,0,0,0,0,0,0,0,0.012572,0.051451,0.047344,0.046925,0.054383,0.058971,0.069867,0.083356,0.099012,0.116872,0.135824,0.155174,0.174572,0.192937,0.210519,0.226465,0.241442,0.255736,0.270441,0.28703,0.306783,0.331869,0.362457,0.400142,0.443498,0.491604,0.541514,0.589262,0.631411,0.663147,0.683488,0.692205,0.694164,0.698494,0.718445,0.770892,0.871974,1.041724,1.282847,1.604026,1.986514,2.410269,2.83769,3.222857,3.528177,3.70693,3.742013,3.627731,3.380078,3.039764,2.66074,2.299095,2.019646,1.862688,1.860053,2.01217,2.297153,2.675837,3.092331,3.483154,3.800246,3.987688,4.020104,3.884063,3.57414,3.101991,2.525638,1.728862,1.02154
C_1_2_13 - Average,"Monday, 25 August 2025 12:24:32 PM",915.602,465.176,50.957,Inclusive Mean =  1.98 phi (Medium Sand),Standard Deviation =  467.88 um =  1.1phi,Inclusive SD (Sorting Coeff.) =  1.99 phi (Poorly Sorted),Inclusive Skewness =  .09 (Near Symmetrical),Inclusive Kurtosis = .95 phi (Mesokurtic),NA,0,0,0,0,0,0,0,0,0,0,0,0,0,0,0,0,0,0,0,0,0,0,0,0,0,0,0,0,0,0,0.00605,0.030349,0.050193,0.047331,0.05165,0.05301,0.061468,0.071434,0.084914,0.100827,0.118612,0.137535,0.156764,0.175964,0.194078,0.21135,0.226955,0.241565,0.255486,0.269825,0.286063,0.305498,0.330297,0.360646,0.398135,0.441349,0.48937,0.539264,0.587078,0.629401,0.661441,0.68227,0.691691,0.694643,0.700302,0.721965,0.776551,0.880153,1.052847,1.29714,1.621707,2.007554,2.434514,2.864773,3.25219,3.558979,3.738114,3.7722,3.655305,3.403194,3.056617,2.669832,2.299409,2.01114,1.845914,1.836613,1.983828,2.265896,2.643338,3.059876,3.451657,3.770439,3.960206,3.995742,3.863452,3.557715,3.089663,2.516827,1.723366,1.01847
C_1_2_12,"Monday, 25 August 2025 12:45:11 PM",919.209,463.527,58.064,Inclusive Mean =  1.97 phi (Medium Sand),Standard Deviation =  466.24 um =  1.1phi,Inclusive SD (Sorting Coeff.) =  1.95 phi (Poorly Sorted),Inclusive Skewness =  .06 (Near Symmetrical),Inclusive Kurtosis = .94 phi (Mesokurtic),NA,0,0,0,0,0,0,0,0,0,0,0,0,0,0,0,0,0,0,0,0,0,0,0,0,0,0,0,0,0,0,0,0,0,0,0.031474,0.055789,0.057775,0.06798,0.080676,0.096092,0.112712,0.130461,0.148323,0.166007,0.182564,0.198232,0.212315,0.225484,0.238089,0.251201,0.26623,0.2844,0.307724,0.336341,0.371699,0.412407,0.457555,0.504361,0.549157,0.588901,0.619434,0.640469,0.652529,0.661296,0.67639,0.711254,0.782675,0.905538,1.099089,1.363174,1.705115,2.103458,2.536885,2.967023,3.348346,3.64436,3.810665,3.831912,3.704626,3.445384,3.094833,2.705594,2.332007,2.037806,1.862279,1.83913,1.970538,2.238271,2.605931,3.019653,3.415534,3.743361,3.943035,3.985363,3.854036,3.543937,3.069406,2.491848,1.701047,1.002817
C_1_2_12,"Monday, 25 August 2025 12:57:32 PM",924.931,461.547,55.397,Inclusive Mean =  1.98 phi (Medium Sand),Standard Deviation =  466.2 um =  1.1phi,Inclusive SD (Sorting Coeff.) =  1.96 phi (Poorly Sorted),Inclusive Skewness =  .07 (Near Symmetrical),Inclusive Kurtosis = .95 phi (Mesokurtic),NA,0,0,0,0,0,0,0,0,0,0,0,0,0,0,0,0,0,0,0,0,0,0,0,0,0,0,0,0,0,0,0,0,0,0.046525,0.050867,0.049828,0.05953,0.068548,0.081297,0.096748,0.113512,0.131496,0.149741,0.16799,0.185277,0.201847,0.216908,0.231063,0.244517,0.258227,0.273499,0.291518,0.314346,0.342296,0.377038,0.417512,0.463099,0.511261,0.558426,0.60156,0.636152,0.66161,0.677655,0.689227,0.704917,0.737353,0.802694,0.915931,1.096611,1.346347,1.673671,2.059438,2.483955,2.910346,3.293814,3.598011,3.777393,3.815495,3.706282,3.464651,3.129108,2.751126,2.384471,2.092582,1.914698,1.88434,2.003225,2.253556,2.599899,2.990756,3.365957,3.67886,3.873232,3.921265,3.805045,3.51544,3.06061,2.497132,1.711174,1.011497
C_1_2_12,"Monday, 25 August 2025 12:58:39 PM",928.922,468.501,57.671,Inclusive Mean =  1.97 phi (Medium Sand),Standard Deviation =  470.45 um =  1.09phi,Inclusive SD (Sorting Coeff.) =  1.96 phi (Poorly Sorted),Inclusive Skewness =  .07 (Near Symmetrical),Inclusive Kurtosis = .93 phi (Mesokurtic),NA,0,0,0,0,0,0,0,0,0,0,0,0,0,0,0,0,0,0,0,0,0,0,0,0,0,0,0,0,0,0,0,0,0,0,0.03065,0.054381,0.056391,0.066505,0.079145,0.094565,0.111357,0.129475,0.147956,0.166547,0.18426,0.20133,0.216919,0.231614,0.24559,0.259793,0.275533,0.294002,0.317305,0.345769,0.38112,0.422314,0.46876,0.517897,0.566091,0.610222,0.645599,0.671474,0.687363,0.698041,0.712007,0.741908,0.804014,0.913656,1.090666,1.337241,1.662223,2.046842,2.471391,2.898627,3.282962,3.586907,3.763607,3.79537,3.675842,3.419969,3.06772,2.672681,2.291083,1.989435,1.809484,1.786794,1.923994,2.202177,2.583549,3.012369,3.42324,3.76585,3.980087,4.037847,3.92151,3.62348,3.153773,2.571798,1.761349,1.040581
C_1_2_12,"Monday, 25 August 2025 12:59:47 PM",989.402,490.91,60.863,Inclusive Mean =  1.92 phi (Medium Sand),Standard Deviation =  486.71 um =  1.04phi,Inclusive SD (Sorting Coeff.) =  1.98 phi (Poorly Sorted),Inclusive Skewness =  .08 (Near Symmetrical),Inclusive Kurtosis = .91 phi (Mesokurtic),NA,0,0,0,0,0,0,0,0,0,0,0,0,0,0,0,0,0,0,0,0,0,0,0,0,0,0,0,0,0,0,0,0,0,0,0,0.016235,0.059496,0.063162,0.076559,0.090515,0.107484,0.125118,0.143324,0.161753,0.179386,0.196506,0.212256,0.22721,0.241507,0.256043,0.272068,0.290699,0.313973,0.342168,0.376972,0.41737,0.46283,0.51093,0.558233,0.601851,0.637345,0.664162,0.681844,0.695058,0.711838,0.744141,0.807315,0.915641,1.087858,1.325719,1.637689,2.005941,2.412116,2.821266,3.190464,3.484419,3.658223,3.694378,3.585111,3.342719,3.002895,2.614997,2.231729,1.917877,1.715293,1.664358,1.773515,2.033251,2.414943,2.870916,3.338343,3.766229,4.082691,4.24805,4.224324,3.989084,3.537764,2.93014,2.028964,1.207744
C_1_2_12 - Average,"Monday, 25 August 2025 12:45:11 PM",NA,471.121,57.934,NA,NA,NA,NA,NA,NA,0,0,0,0,0,0,0,0,0,0,0,0,0,0,0,0,0,0,0,0,0,0,0,0,0,0,0,0,0,0,0,0,0,0.009912,0.028538,0.045696,0.058024,0.066678,0.079284,0.094576,0.111238,0.12914,0.147338,0.165573,0.182872,0.199479,0.214599,0.228843,0.242426,0.256316,0.271833,0.290155,0.313337,0.341644,0.376707,0.417401,0.463061,0.511112,0.557977,0.600633,0.634633,0.659429,0.674848,0.685905,0.701288,0.733664,0.799175,0.912692,1.093556,1.34312,1.669675,2.05392,2.476087,2.899315,3.278896,3.578424,3.752472,3.784289,3.667966,3.418181,3.073639,2.6861,2.309823,2.009425,1.825439,1.793655,1.917818,2.181814,2.551081,2.973424,3.385769,3.738575,3.969761,4.048132,3.951229,3.667985,3.205388,2.622729,1.800634,1.065659
C_1_2_11,"Monday, 25 August 2025 1:08:56 PM",142.954,352.841,39.397,Inclusive Mean =  2.44 phi (Fine Sand),Standard Deviation =  408.9 um =  1.29phi,Inclusive SD (Sorting Coeff.) =  2.05 phi (Very Poorly Sorted),Inclusive Skewness =  .03 (Near Symmetrical),Inclusive Kurtosis = 1.07 phi (Mesokurtic),NA,0,0,0,0,0,0,0,0,0,0,0,0,0,0,0,0,0,0,0,0,0,0,0,0,0,0,0,0,0,0.047534,0.054951,0.057247,0.055054,0.056388,0.058584,0.063095,0.071724,0.083961,0.100118,0.119069,0.140322,0.162909,0.185921,0.209015,0.230971,0.252152,0.271599,0.29016,0.30819,0.327008,0.348393,0.373879,0.406195,0.445578,0.494194,0.550439,0.613468,0.679908,0.7451,0.805233,0.854357,0.891751,0.916593,0.934807,0.956494,0.996684,1.074446,1.207272,1.417664,1.706919,2.084184,2.526499,3.010254,3.49216,3.920186,4.251776,4.43498,4.450145,4.291709,3.97649,3.549466,3.06899,2.594113,2.195292,1.909926,1.774102,1.781608,1.912365,2.125082,2.367122,2.58402,2.735026,2.784278,2.719463,2.54627,2.272725,1.919295,1.527211,1.028634,0.601282
C_1_2_11,"Monday, 25 August 2025 1:10:04 PM",143.161,368.711,40.808,Inclusive Mean =  2.38 phi (Fine Sand),Standard Deviation =  417.27 um =  1.26phi,Inclusive SD (Sorting Coeff.) =  2.04 phi (Very Poorly Sorted),Inclusive Skewness =  .03 (Near Symmetrical),Inclusive Kurtosis = 1.03 phi (Mesokurtic),NA,0,0,0,0,0,0,0,0,0,0,0,0,0,0,0,0,0,0,0,0,0,0,0,0,0,0,0,0,0,0.044276,0.05419,0.049767,0.05386,0.053052,0.053992,0.059493,0.067227,0.079101,0.094727,0.11312,0.13389,0.156072,0.178794,0.201711,0.223601,0.24481,0.264354,0.283058,0.301242,0.320185,0.341622,0.367036,0.399106,0.438034,0.485939,0.541222,0.603042,0.66808,0.731768,0.790369,0.838063,0.874123,0.897737,0.914635,0.93462,0.972264,1.046044,1.17294,1.374688,1.652628,2.01557,2.441413,2.907384,3.371771,3.784483,4.104651,4.282424,4.299143,4.149472,3.849606,3.442644,2.984906,2.53413,2.159616,1.900276,1.79276,1.833295,2.001415,2.254755,2.536852,2.787711,2.961816,3.018487,2.94433,2.747308,2.439372,2.047077,1.618088,1.083845,0.630922
C_1_2_11,"Monday, 25 August 2025 1:11:11 PM",142.263,393.799,44.061,Inclusive Mean =  2.3 phi (Fine Sand),Standard Deviation =  435.3 um =  1.2phi,Inclusive SD (Sorting Coeff.) =  2.05 phi (Very Poorly Sorted),Inclusive Skewness =  .04 (Near Symmetrical),Inclusive Kurtosis = .99 phi (Mesokurtic),NA,0,0,0,0,0,0,0,0,0,0,0,0,0,0,0,0,0,0,0,0,0,0,0,0,0,0,0,0,0,0,0.02861,0.055724,0.048138,0.049143,0.053516,0.054912,0.06405,0.075086,0.090112,0.107978,0.128119,0.14976,0.172014,0.194556,0.216185,0.237233,0.256711,0.275416,0.293628,0.312577,0.333929,0.359101,0.390692,0.428866,0.475678,0.529546,0.589647,0.652754,0.714451,0.77115,0.817276,0.852199,0.875207,0.891899,0.911747,0.948763,1.020646,1.143545,1.338115,1.605309,1.953274,2.360483,2.804843,3.246181,3.636457,3.936394,4.098641,4.105582,3.95346,3.659182,3.266371,2.831211,2.410966,2.072527,1.853436,1.785649,1.864083,2.065652,2.3487,2.658984,2.9393,3.147302,3.241374,3.205474,3.039368,2.746703,2.345436,1.883373,1.276459,0.749147
C_1_2_11 - Average,"Monday, 25 August 2025 1:08:56 PM",142.801,371.784,41.332,Inclusive Mean =  2.37 phi (Fine Sand),Standard Deviation =  420.97 um =  1.25phi,Inclusive SD (Sorting Coeff.) =  2.05 phi (Very Poorly Sorted),Inclusive Skewness =  .03 (Near Symmetrical),Inclusive Kurtosis = 1.03 phi (Mesokurtic),NA,0,0,0,0,0,0,0,0,0,0,0,0,0,0,0,0,0,0,0,0,0,0,0,0,0,0,0,0,0,0.028883,0.048549,0.052191,0.053716,0.053302,0.054241,0.059771,0.067507,0.079386,0.095005,0.113378,0.134114,0.156247,0.178909,0.201761,0.223585,0.244732,0.264221,0.282878,0.30102,0.319923,0.341315,0.366672,0.398664,0.437493,0.48527,0.540403,0.602052,0.666914,0.73044,0.788918,0.836565,0.872691,0.896512,0.91378,0.934287,0.97257,1.047045,1.174586,1.376822,1.654952,2.017676,2.442798,2.907494,3.370037,3.780375,4.097607,4.272014,4.284956,4.131547,3.828426,3.419494,2.961703,2.51307,2.142478,1.887879,1.784171,1.826329,1.993144,2.242846,2.520986,2.770344,2.948048,3.014713,2.956423,2.777649,2.486267,2.103936,1.676224,1.129646,0.66045
C_1_2_10,"Monday, 25 August 2025 1:19:50 PM",141.347,382.344,45.256,Inclusive Mean =  2.36 phi (Fine Sand),Standard Deviation =  439.84 um =  1.18phi,Inclusive SD (Sorting Coeff.) =  2.08 phi (Very Poorly Sorted),Inclusive Skewness =  0 (Near Symmetrical),Inclusive Kurtosis = 1 phi (Mesokurtic),NA,0,0,0,0,0,0,0,0,0,0,0,0,0,0,0,0,0,0,0,0,0,0,0,0,0,0,0,0,0,0,0,0,0,0.048574,0.056268,0.06397,0.075098,0.089347,0.105563,0.123209,0.142477,0.162682,0.183352,0.204372,0.224741,0.244848,0.263759,0.282224,0.300473,0.319649,0.34133,0.366823,0.398648,0.436917,0.483715,0.537611,0.598068,0.662268,0.726238,0.786928,0.838964,0.882104,0.91531,0.944208,0.977665,1.029208,1.116112,1.25377,1.46302,1.744127,2.105666,2.525593,2.981584,3.432617,3.829564,4.132021,4.291383,4.288803,4.119817,3.799985,3.372158,2.891615,2.414676,2.010343,1.716365,1.572386,1.577334,1.718017,1.960198,2.256874,2.554279,2.810729,2.977972,3.032479,2.958237,2.747008,2.403116,1.969335,1.353993,0.802211
C_1_2_10,"Monday, 25 August 2025 1:20:58 PM",142.322,381.767,40.399,Inclusive Mean =  2.36 phi (Fine Sand),Standard Deviation =  436.41 um =  1.2phi,Inclusive SD (Sorting Coeff.) =  2.08 phi (Very Poorly Sorted),Inclusive Skewness =  .02 (Near Symmetrical),Inclusive Kurtosis = 1 phi (Mesokurtic),NA,0,0,0,0,0,0,0,0,0,0,0,0,0,0,0,0,0,0,0,0,0,0,0,0,0,0,0,0,0,0.046493,0.053664,0.05583,0.053528,0.054688,0.056671,0.060909,0.06917,0.080957,0.096565,0.114897,0.135467,0.157334,0.179629,0.20204,0.223419,0.244163,0.263371,0.281896,0.300063,0.3191,0.340644,0.366041,0.397823,0.436108,0.482982,0.537011,0.597654,0.662081,0.726296,0.787192,0.839292,0.882186,0.914629,0.94196,0.972775,1.020379,1.101889,1.232912,1.434449,1.707746,2.062049,2.476621,2.93011,3.382267,3.784072,4.094758,4.264172,4.272012,4.111634,3.797403,3.371561,2.890308,2.411882,2.007866,1.718673,1.585242,1.606661,1.767489,2.03008,2.342812,2.647513,2.89923,3.048748,3.073942,2.964496,2.718398,2.34819,1.901686,1.295633,0.76259
C_1_2_10,"Monday, 25 August 2025 1:22:05 PM",141.427,376.283,39.971,Inclusive Mean =  2.39 phi (Fine Sand),Standard Deviation =  434.21 um =  1.2phi,Inclusive SD (Sorting Coeff.) =  2.09 phi (Very Poorly Sorted),Inclusive Skewness =  .02 (Near Symmetrical),Inclusive Kurtosis = 1.01 phi (Mesokurtic),NA,0,0,0,0,0,0,0,0,0,0,0,0,0,0,0,0,0,0,0,0,0,0,0,0,0,0,0,0,0,0.0466,0.053726,0.055842,0.053432,0.054514,0.056432,0.060638,0.068926,0.08081,0.096605,0.115217,0.136168,0.158516,0.181378,0.204437,0.226504,0.247978,0.267908,0.287157,0.306035,0.325792,0.348098,0.37432,0.407056,0.446416,0.494532,0.549903,0.611935,0.677675,0.742979,0.804614,0.856986,0.899682,0.931556,0.958163,0.988459,1.036148,1.118757,1.252169,1.457585,1.735909,2.096061,2.516364,2.974531,3.429263,3.83074,4.137685,4.300187,4.298428,4.127305,3.802461,3.367838,2.880512,2.398798,1.99362,1.703996,1.569347,1.587394,1.741961,1.995401,2.297133,2.590924,2.833753,2.978634,3.004322,2.900272,2.663454,2.304691,1.869786,1.275792,0.751792
C_1_2_10 - Average,"Monday, 25 August 2025 1:19:50 PM",141.697,380.132,41.743,Inclusive Mean =  2.37 phi (Fine Sand),Standard Deviation =  436.83 um =  1.19phi,Inclusive SD (Sorting Coeff.) =  2.08 phi (Very Poorly Sorted),Inclusive Skewness =  .01 (Near Symmetrical),Inclusive Kurtosis = 1 phi (Mesokurtic),NA,0,0,0,0,0,0,0,0,0,0,0,0,0,0,0,0,0,0,0,0,0,0,0,0,0,0,0,0,0,0.030676,0.03764,0.034179,0.037772,0.051938,0.056876,0.061275,0.071327,0.0837,0.099545,0.117792,0.138032,0.159511,0.181454,0.203616,0.224888,0.245663,0.265012,0.283759,0.30219,0.321514,0.343357,0.369061,0.401176,0.439814,0.487076,0.541508,0.602552,0.667341,0.731838,0.792911,0.845081,0.88799,0.920498,0.94811,0.979633,1.028578,1.112253,1.246284,1.451685,1.729261,2.087925,2.506193,2.962075,3.414715,3.814792,4.121488,4.285247,4.286414,4.119585,3.799949,3.370519,2.887478,2.408452,2.003943,1.713011,1.575659,1.590463,1.742489,1.995227,2.29894,2.597572,2.847904,3.001784,3.036914,2.941002,2.70962,2.351999,1.913602,1.308473,0.772198
C_1_2_9,"Monday, 25 August 2025 1:30:22 PM",140.896,307.548,32.066,Inclusive Mean =  2.74 phi (Fine Sand),Standard Deviation =  379.44 um =  1.4phi,Inclusive SD (Sorting Coeff.) =  2.16 phi (Very Poorly Sorted),Inclusive Skewness =  .08 (Near Symmetrical),Inclusive Kurtosis = 1.17 phi (Leptokurtic),NA,0,0,0,0,0,0,0,0,0,0,0,0,0,0,0,0,0,0,0,0,0,0,0,0,0,0,0,0.010363,0.051314,0.049602,0.048556,0.055461,0.056799,0.063707,0.072555,0.083705,0.098313,0.115428,0.135549,0.157736,0.181965,0.207602,0.233992,0.261004,0.287355,0.313544,0.338344,0.362712,0.386898,0.412319,0.440908,0.474182,0.515173,0.563768,0.622347,0.688846,0.762402,0.839421,0.915062,0.985656,1.044931,1.092468,1.1269,1.154054,1.183169,1.228369,1.307549,1.436975,1.637781,1.91087,2.264593,2.676926,3.125048,3.567681,3.955845,4.249546,4.401603,4.394358,4.224822,3.909387,3.491052,3.02419,2.563105,2.172671,1.885084,1.732526,1.706183,1.786591,1.934537,2.10317,2.246179,2.329505,2.327821,2.233464,2.056164,1.80526,1.501047,1.177312,0.784093,0.454583
C_1_2_9,"Monday, 25 August 2025 1:31:29 PM",141.252,321.938,34.155,Inclusive Mean =  2.68 phi (Fine Sand),Standard Deviation =  389.86 um =  1.36phi,Inclusive SD (Sorting Coeff.) =  2.16 phi (Very Poorly Sorted),Inclusive Skewness =  .08 (Near Symmetrical),Inclusive Kurtosis = 1.11 phi (Mesokurtic),NA,0,0,0,0,0,0,0,0,0,0,0,0,0,0,0,0,0,0,0,0,0,0,0,0,0,0,0,0,0,0.044337,0.052171,0.048663,0.055742,0.060785,0.068546,0.080122,0.09394,0.110681,0.130376,0.152177,0.176123,0.201584,0.227925,0.255021,0.281577,0.308081,0.333265,0.358056,0.382648,0.408411,0.437222,0.470548,0.511376,0.559574,0.617496,0.683099,0.755539,0.831276,0.90555,0.974739,1.032651,1.078791,1.111723,1.136984,1.163459,1.204814,1.278414,1.400228,1.590859,1.851656,2.19095,2.587876,3.020568,3.449195,3.826262,4.112885,4.263053,4.259687,4.099979,3.800492,3.40374,2.963325,2.53261,2.174046,1.918773,1.795645,1.79536,1.896876,2.061329,2.242491,2.394795,2.484835,2.486901,2.392619,2.210685,1.949086,1.627316,1.28087,0.855107,0.496412
C_1_2_9,"Monday, 25 August 2025 3:41:48 PM",137.598,311.34,32.055,Inclusive Mean =  2.71 phi (Fine Sand),Standard Deviation =  386.35 um =  1.37phi,Inclusive SD (Sorting Coeff.) =  2.16 phi (Very Poorly Sorted),Inclusive Skewness =  .06 (Near Symmetrical),Inclusive Kurtosis = 1.17 phi (Leptokurtic),NA,0,0,0,0,0,0,0,0,0,0,0,0,0,0,0,0,0,0,0,0,0,0,0,0,0,0,0,0.010521,0.052105,0.05037,0.049254,0.056203,0.057408,0.064253,0.073022,0.084093,0.098644,0.115725,0.13584,0.158052,0.182336,0.208058,0.234552,0.261676,0.288125,0.314383,0.339206,0.363534,0.387585,0.41272,0.44078,0.473175,0.512761,0.559342,0.615112,0.678011,0.747135,0.819021,0.889111,0.954037,1.008235,1.051795,1.084295,1.112423,1.146438,1.201284,1.295565,1.445212,1.671293,1.972112,2.354566,2.792798,3.261043,3.714783,4.102708,4.383218,4.509571,4.46454,4.248981,3.881838,3.411346,2.896595,2.396232,1.979865,1.681942,1.53626,1.533501,1.651433,1.846912,2.067818,2.261356,2.388815,2.419025,2.342747,2.168675,1.90816,1.585187,1.239097,0.821758,0.474428
C_1_2_9,"Monday, 25 August 2025 3:42:55 PM",136.952,323.45,32.65,Inclusive Mean =  2.68 phi (Fine Sand),Standard Deviation =  397.2 um =  1.33phi,Inclusive SD (Sorting Coeff.) =  2.18 phi (Very Poorly Sorted),Inclusive Skewness =  .05 (Near Symmetrical),Inclusive Kurtosis = 1.11 phi (Mesokurtic),NA,0,0,0,0,0,0,0,0,0,0,0,0,0,0,0,0,0,0,0,0,0,0,0,0,0,0,0,0.010163,0.050302,0.04853,0.047334,0.053953,0.054989,0.061512,0.069927,0.080622,0.094769,0.111467,0.131241,0.153196,0.177328,0.203026,0.22963,0.256999,0.283814,0.310558,0.335946,0.360903,0.385603,0.411373,0.440021,0.472916,0.512905,0.559759,0.615664,0.678545,0.747492,0.819042,0.888644,0.952924,1.006332,1.048898,1.080179,1.106734,1.138711,1.190907,1.281746,1.427114,1.647871,1.94257,2.318039,2.74882,3.209285,3.655136,4.035257,4.307963,4.426813,4.374486,4.15249,3.780274,3.307206,2.793561,2.299293,1.894838,1.61576,1.494978,1.523036,1.675182,1.905997,2.160098,2.381498,2.529849,2.572302,2.500181,2.322905,2.052563,1.71369,1.347247,0.898198,0.520897
C_1_2_9,"Monday, 25 August 2025 3:44:03 PM",136.858,298.243,31.93,Inclusive Mean =  2.77 phi (Fine Sand),Standard Deviation =  370.74 um =  1.43phi,Inclusive SD (Sorting Coeff.) =  2.15 phi (Very Poorly Sorted),Inclusive Skewness =  .07 (Near Symmetrical),Inclusive Kurtosis = 1.18 phi (Leptokurtic),NA,0,0,0,0,0,0,0,0,0,0,0,0,0,0,0,0,0,0,0,0,0,0,0,0,0,0,0,0.01029,0.050908,0.049028,0.047706,0.054317,0.055234,0.061738,0.070177,0.080967,0.095317,0.112334,0.132573,0.155139,0.180042,0.206658,0.234305,0.262835,0.290864,0.318894,0.345575,0.371876,0.397973,0.425249,0.455584,0.490374,0.53256,0.581822,0.640379,0.70596,0.777531,0.851397,0.92278,0.988129,1.041764,1.083753,1.113866,1.139044,1.170057,1.222372,1.315125,1.464689,1.692349,1.99624,2.382957,2.825839,3.298216,3.754491,4.142422,4.41972,4.539675,4.485525,4.259867,3.883477,3.407216,2.892292,2.398796,1.996173,1.717688,1.592763,1.607905,1.735004,1.926146,2.125998,2.282377,2.359081,2.333492,2.203594,1.988496,1.705944,1.38495,1.061778,0.694691,0.397656
C_1_2_9 - Average,"Monday, 25 August 2025 1:30:22 PM",NA,312.504,32.551,NA,NA,NA,NA,NA,NA,0,0,0,0,0,0,0,0,0,0,0,0,0,0,0,0,0,0,0,0,0,0,0,0,0,0,0,0.005139,0.044073,0.048438,0.048568,0.054385,0.055685,0.062364,0.070957,0.081847,0.096211,0.113127,0.133114,0.155261,0.179558,0.205385,0.232081,0.259507,0.286347,0.313092,0.338467,0.363416,0.388141,0.414014,0.442903,0.476239,0.516955,0.564853,0.6222,0.686892,0.75802,0.832031,0.90423,0.971097,1.026782,1.071141,1.103393,1.129848,1.160367,1.209549,1.29568,1.434844,1.648031,1.93469,2.302221,2.726452,3.182832,3.628257,4.012499,4.294666,4.428143,4.395719,4.197228,3.851094,3.404112,2.913993,2.438007,2.043519,1.763849,1.630434,1.633197,1.749017,1.934984,2.139915,2.313241,2.418417,2.427908,2.334521,2.149385,1.884202,1.562438,1.221261,0.810769,0.468795
C_1_2_8,"Monday, 25 August 2025 3:54:04 PM",139.245,290.247,31.43,Inclusive Mean =  2.82 phi (Fine Sand),Standard Deviation =  371.17 um =  1.43phi,Inclusive SD (Sorting Coeff.) =  2.14 phi (Very Poorly Sorted),Inclusive Skewness =  .07 (Near Symmetrical),Inclusive Kurtosis = 1.25 phi (Leptokurtic),NA,0,0,0,0,0,0,0,0,0,0,0,0,0,0,0,0,0,0,0,0,0,0,0,0,0,0,0,0.010497,0.051963,0.05018,0.049072,0.056036,0.057385,0.064418,0.073466,0.084894,0.099873,0.117421,0.138033,0.160731,0.185478,0.211619,0.23848,0.26592,0.292634,0.319121,0.344141,0.368649,0.392873,0.418193,0.446483,0.47921,0.519356,0.566877,0.624246,0.689693,0.762712,0.840183,0.917759,0.992349,1.057965,1.114728,1.161095,1.203206,1.24991,1.314961,1.415747,1.567097,1.78953,2.081679,2.451117,2.874034,3.326975,3.768354,4.1497,4.431753,4.56891,4.543826,4.354302,4.015594,3.569529,3.068882,2.566583,2.128627,1.787226,1.580124,1.501238,1.537574,1.653997,1.807546,1.953235,2.056485,2.088142,2.036229,1.90286,1.693017,1.422885,1.124871,0.752837,0.437685
C_1_2_8,"Monday, 25 August 2025 3:55:11 PM",139.083,265.795,30.644,Inclusive Mean =  2.94 phi (Fine Sand),Standard Deviation =  345.38 um =  1.53phi,Inclusive SD (Sorting Coeff.) =  2.09 phi (Very Poorly Sorted),Inclusive Skewness =  .1 (Near Symmetrical),Inclusive Kurtosis = 1.31 phi (Leptokurtic),NA,0,0,0,0,0,0,0,0,0,0,0,0,0,0,0,0,0,0,0,0,0,0,0,0,0,0,0,0.010646,0.052662,0.050711,0.049406,0.056321,0.057471,0.06443,0.073453,0.08494,0.10011,0.117994,0.139133,0.162554,0.188244,0.215548,0.243767,0.272756,0.30112,0.32937,0.356145,0.382415,0.408357,0.435375,0.465392,0.499915,0.542065,0.591806,0.65176,0.720133,0.796461,0.877555,0.958924,1.037379,1.106612,1.16667,1.215733,1.259963,1.308255,1.374639,1.476936,1.630496,1.856533,2.154016,2.530943,2.963199,3.426791,3.878967,4.269733,4.558415,4.69791,4.670287,4.473548,4.123736,3.664363,3.149847,2.634163,2.18388,1.829763,1.607793,1.508528,1.516747,1.595321,1.701638,1.794179,1.842302,1.825684,1.73853,1.590046,1.388239,1.149383,0.898645,0.597317,0.345936
C_1_2_8,"Monday, 25 August 2025 3:56:19 PM",139.438,292.524,33.114,Inclusive Mean =  2.81 phi (Fine Sand),Standard Deviation =  374.46 um =  1.42phi,Inclusive SD (Sorting Coeff.) =  2.14 phi (Very Poorly Sorted),Inclusive Skewness =  .06 (Near Symmetrical),Inclusive Kurtosis = 1.24 phi (Leptokurtic),NA,0,0,0,0,0,0,0,0,0,0,0,0,0,0,0,0,0,0,0,0,0,0,0,0,0,0,0,0,0,0.044758,0.052497,0.04872,0.055693,0.060624,0.068365,0.080061,0.094126,0.111269,0.131539,0.154076,0.178926,0.20544,0.232952,0.261313,0.289145,0.316931,0.343311,0.369214,0.394787,0.421381,0.45087,0.484723,0.526011,0.574723,0.63346,0.700489,0.775368,0.85496,0.934827,1.01178,1.079552,1.138081,1.185474,1.22761,1.273055,1.33539,1.431881,1.577531,1.792923,2.077409,2.438883,2.854418,3.301076,3.737775,4.116304,4.397401,4.535328,4.512504,4.32635,3.991862,3.550477,3.054639,2.556992,2.123082,1.784818,1.57939,1.500584,1.535591,1.650074,1.802463,1.949141,2.056528,2.095385,2.052898,1.92913,1.727079,1.460674,1.161534,0.780887,0.45548
C_1_2_8 - Average,"Monday, 25 August 2025 3:54:04 PM",139.253,282.855,31.696,Inclusive Mean =  2.85 phi (Fine Sand),Standard Deviation =  364.1 um =  1.46phi,Inclusive SD (Sorting Coeff.) =  2.12 phi (Very Poorly Sorted),Inclusive Skewness =  .07 (Near Symmetrical),Inclusive Kurtosis = 1.27 phi (Leptokurtic),NA,0,0,0,0,0,0,0,0,0,0,0,0,0,0,0,0,0,0,0,0,0,0,0,0,0,0,0,0,0.041955,0.04866,0.049582,0.054827,0.056254,0.063098,0.071952,0.083206,0.098061,0.115561,0.136232,0.159122,0.184216,0.210869,0.2384,0.266663,0.2943,0.321808,0.347866,0.373426,0.398672,0.424983,0.454248,0.487949,0.529144,0.577802,0.636489,0.703439,0.77818,0.857566,0.93717,1.013836,1.081376,1.139826,1.187434,1.23026,1.277073,1.341664,1.441521,1.591708,1.812995,2.104368,2.473647,2.897217,3.351614,3.795032,4.178579,4.462523,4.600716,4.575539,4.384733,4.043731,3.594789,3.091123,2.585913,2.145197,1.800603,1.589103,1.50345,1.52997,1.633131,1.770549,1.898852,1.985105,2.00307,1.942552,1.807345,1.602778,1.344314,1.061683,0.710347,0.413034
C_1_2_7,"Monday, 25 August 2025 4:05:06 PM",141.243,326.797,35.313,Inclusive Mean =  2.62 phi (Fine Sand),Standard Deviation =  393.77 um =  1.34phi,Inclusive SD (Sorting Coeff.) =  2.13 phi (Very Poorly Sorted),Inclusive Skewness =  .06 (Near Symmetrical),Inclusive Kurtosis = 1.11 phi (Leptokurtic),NA,0,0,0,0,0,0,0,0,0,0,0,0,0,0,0,0,0,0,0,0,0,0,0,0,0,0,0,0,0,0.043412,0.051144,0.047818,0.054845,0.059903,0.067605,0.078983,0.092481,0.108711,0.127662,0.148478,0.17117,0.195118,0.219723,0.244861,0.269333,0.293583,0.316446,0.33876,0.360705,0.383529,0.408959,0.438385,0.474585,0.517617,0.569819,0.629661,0.696719,0.768104,0.839675,0.908307,0.968065,1.018525,1.057851,1.091279,1.127057,1.178422,1.262515,1.395031,1.597154,1.870162,2.223173,2.635132,3.084132,3.529457,3.922079,4.221452,4.378888,4.375203,4.205748,3.886022,3.45928,2.981746,2.510693,2.114991,1.830803,1.693066,1.694403,1.813707,2.008749,2.227504,2.417277,2.539243,2.562321,2.477211,2.293289,2.021448,1.684981,1.32324,0.881587,0.511011
C_1_2_7,"Monday, 25 August 2025 4:46:38 PM",137.948,334.395,34.925,Inclusive Mean =  2.62 phi (Fine Sand),Standard Deviation =  420.43 um =  1.25phi,Inclusive SD (Sorting Coeff.) =  2.18 phi (Very Poorly Sorted),Inclusive Skewness =  .01 (Near Symmetrical),Inclusive Kurtosis = 1.12 phi (Leptokurtic),NA,0,0,0,0,0,0,0,0,0,0,0,0,0,0,0,0,0,0,0,0,0,0,0,0,0,0,0,0,0,0.043827,0.051565,0.048107,0.055126,0.060145,0.067833,0.079232,0.09274,0.10897,0.127879,0.14859,0.171102,0.194794,0.219084,0.243868,0.267992,0.291927,0.314555,0.336727,0.358629,0.3815,0.407055,0.436688,0.473227,0.516796,0.569875,0.631089,0.700236,0.774668,0.85048,0.924955,0.99231,1.05277,1.104485,1.153299,1.207315,1.279532,1.386532,1.54222,1.766559,2.057733,2.423242,2.839649,3.284063,3.715606,4.086397,4.357019,4.481763,4.442014,4.235097,3.87484,3.402608,2.871127,2.334191,1.861607,1.490241,1.267206,1.195171,1.270275,1.463977,1.734089,2.026948,2.297555,2.491222,2.578784,2.53893,2.364856,2.064979,1.683871,1.151534,0.679128
C_1_2_7,"Monday, 25 August 2025 4:47:46 PM",137.558,337.971,36.834,Inclusive Mean =  2.61 phi (Fine Sand),Standard Deviation =  419.78 um =  1.25phi,Inclusive SD (Sorting Coeff.) =  2.17 phi (Very Poorly Sorted),Inclusive Skewness =  .01 (Near Symmetrical),Inclusive Kurtosis = 1.08 phi (Mesokurtic),NA,0,0,0,0,0,0,0,0,0,0,0,0,0,0,0,0,0,0,0,0,0,0,0,0,0,0,0,0,0,0,0.027494,0.052361,0.051189,0.056995,0.064235,0.075202,0.088249,0.104073,0.12265,0.143149,0.165589,0.189362,0.213875,0.239007,0.263561,0.287989,0.311122,0.333804,0.356196,0.37953,0.405511,0.435513,0.472363,0.516168,0.569423,0.630765,0.700035,0.774643,0.85076,0.925774,0.993969,1.055645,1.108869,1.159357,1.214856,1.287911,1.394532,1.548043,1.767739,2.051605,2.406772,2.810278,3.239773,3.655586,4.01148,4.269511,4.386052,4.34355,4.140233,3.790153,3.334294,2.824743,2.314788,1.872498,1.534087,1.34285,1.299429,1.395808,1.600771,1.870181,2.150562,2.398466,2.563929,2.621864,2.556165,2.362272,2.050168,1.663718,1.133848,0.667059
C_1_2_7,"Monday, 25 August 2025 4:48:53 PM",137.198,332.783,36.565,Inclusive Mean =  2.64 phi (Fine Sand),Standard Deviation =  417.44 um =  1.26phi,Inclusive SD (Sorting Coeff.) =  2.18 phi (Very Poorly Sorted),Inclusive Skewness =  .01 (Near Symmetrical),Inclusive Kurtosis = 1.1 phi (Mesokurtic),NA,0,0,0,0,0,0,0,0,0,0,0,0,0,0,0,0,0,0,0,0,0,0,0,0,0,0,0,0,0,0,0.027289,0.051876,0.050589,0.056227,0.063309,0.074147,0.0871,0.102897,0.121535,0.142208,0.164957,0.189187,0.214303,0.240187,0.265599,0.290992,0.315126,0.338839,0.362245,0.38657,0.413528,0.444509,0.482416,0.527377,0.581982,0.644872,0.71592,0.792494,0.870678,0.947782,1.017894,1.08124,1.135704,1.186965,1.242749,1.315682,1.421909,1.574952,1.794285,2.078043,2.433391,2.837271,3.267081,3.68279,4.037811,4.293886,4.407372,4.3608,4.152965,3.798387,3.338691,2.826171,2.313836,1.869059,1.526777,1.329315,1.276593,1.361145,1.55304,1.810377,2.082031,2.326059,2.493002,2.55692,2.500098,2.316729,2.01547,1.639007,1.11879,0.658976
C_1_2_7 - Average,"Monday, 25 August 2025 4:05:06 PM",NA,332.986,35.891,NA,NA,NA,NA,NA,NA,0,0,0,0,0,0,0,0,0,0,0,0,0,0,0,0,0,0,0,0,0,0,0,0,0,0,0,0,0,0.019642,0.041541,0.05004,0.052937,0.058317,0.065745,0.076891,0.090142,0.106163,0.124931,0.145606,0.168204,0.192115,0.216746,0.241981,0.266621,0.291123,0.314312,0.337032,0.359444,0.382782,0.408763,0.438774,0.475648,0.51949,0.572775,0.634097,0.703228,0.777477,0.852898,0.926704,0.99306,1.052045,1.101728,1.147725,1.197994,1.265387,1.366372,1.515062,1.731434,2.014386,2.371644,2.780583,3.218762,3.64586,4.014441,4.285467,4.413519,4.380392,4.183511,3.83735,3.383718,2.875947,2.368377,1.929539,1.595477,1.40811,1.366399,1.460234,1.656634,1.910538,2.169204,2.390331,2.527619,2.558695,2.47212,2.266326,1.9539,1.577459,1.07144,0.629043
C_1_2_6,"Monday, 25 August 2025 4:56:26 PM",145.911,301.473,36.653,Inclusive Mean =  2.69 phi (Fine Sand),Standard Deviation =  376.68 um =  1.41phi,Inclusive SD (Sorting Coeff.) =  2.06 phi (Very Poorly Sorted),Inclusive Skewness =  .06 (Near Symmetrical),Inclusive Kurtosis = 1.31 phi (Leptokurtic),NA,0,0,0,0,0,0,0,0,0,0,0,0,0,0,0,0,0,0,0,0,0,0,0,0,0,0,0,0,0,0,0.028089,0.053633,0.052619,0.058733,0.066288,0.077589,0.090982,0.107154,0.126088,0.146944,0.169746,0.193877,0.218727,0.244153,0.268905,0.293381,0.316341,0.338549,0.360116,0.382245,0.406648,0.43479,0.469523,0.511102,0.561967,0.620749,0.68702,0.757797,0.828705,0.896217,0.953992,1.001129,1.035698,1.062962,1.091979,1.137314,1.218063,1.352462,1.56475,1.858401,2.245223,2.704346,3.213655,3.729681,4.198202,4.574114,4.799178,4.849318,4.711546,4.397325,3.946156,3.413752,2.858011,2.353986,1.940483,1.66616,1.528921,1.521985,1.612168,1.757367,1.911306,2.0368,2.098917,2.080465,1.976357,1.786573,1.522755,1.217933,0.821719,0.480169
C_1_2_6,"Monday, 25 August 2025 4:57:34 PM",146.135,279.954,35.684,Inclusive Mean =  2.8 phi (Fine Sand),Standard Deviation =  356.77 um =  1.49phi,Inclusive SD (Sorting Coeff.) =  2.03 phi (Very Poorly Sorted),Inclusive Skewness =  .08 (Near Symmetrical),Inclusive Kurtosis = 1.39 phi (Leptokurtic),NA,0,0,0,0,0,0,0,0,0,0,0,0,0,0,0,0,0,0,0,0,0,0,0,0,0,0,0,0,0,0,0.028293,0.053893,0.0527,0.058679,0.06614,0.077461,0.090976,0.107437,0.126862,0.148431,0.172191,0.197521,0.223779,0.250801,0.277236,0.303475,0.328147,0.352026,0.375173,0.398826,0.424753,0.454479,0.491004,0.534619,0.587925,0.649545,0.719088,0.793478,0.868154,0.939418,1.000533,1.050432,1.086853,1.115018,1.144058,1.188889,1.269191,1.40403,1.618688,1.917486,2.313128,2.784867,3.310377,3.845042,4.332638,4.725967,4.96341,5.018532,4.876034,4.546276,4.069203,3.502456,2.906404,2.360533,1.906028,1.596312,1.429907,1.401278,1.475501,1.607663,1.748333,1.857543,1.90059,1.862622,1.744344,1.551817,1.302255,1.027591,0.686739,0.39892
C_1_2_6,"Monday, 25 August 2025 4:58:41 PM",145.816,289.222,36.04,Inclusive Mean =  2.77 phi (Fine Sand),Standard Deviation =  369.2 um =  1.44phi,Inclusive SD (Sorting Coeff.) =  2.06 phi (Very Poorly Sorted),Inclusive Skewness =  .07 (Near Symmetrical),Inclusive Kurtosis = 1.36 phi (Leptokurtic),NA,0,0,0,0,0,0,0,0,0,0,0,0,0,0,0,0,0,0,0,0,0,0,0,0,0,0,0,0,0,0,0.027566,0.052434,0.051177,0.056926,0.064151,0.075195,0.088435,0.104624,0.123798,0.145162,0.168779,0.194046,0.220337,0.247501,0.274187,0.300801,0.325954,0.350424,0.374244,0.398626,0.425312,0.455775,0.492995,0.537199,0.59097,0.652882,0.72254,0.796879,0.871397,0.942489,1.003554,1.053663,1.090655,1.119798,1.150104,1.196196,1.277271,1.411704,1.623918,1.917595,2.304757,2.764715,3.275459,3.79347,4.264274,4.642358,4.868703,4.918324,4.777258,4.45602,3.993569,3.44543,2.869465,2.341785,1.90136,1.599275,1.434179,1.40203,1.471483,1.602437,1.74973,1.876327,1.94652,1.941935,1.855265,1.68532,1.442279,1.157526,0.783003,0.458481
C_1_2_6 - Average,"Monday, 25 August 2025 4:56:26 PM",145.956,290.216,36.121,Inclusive Mean =  2.75 phi (Fine Sand),Standard Deviation =  367.75 um =  1.44phi,Inclusive SD (Sorting Coeff.) =  2.05 phi (Very Poorly Sorted),Inclusive Skewness =  .07 (Near Symmetrical),Inclusive Kurtosis = 1.35 phi (Leptokurtic),NA,0,0,0,0,0,0,0,0,0,0,0,0,0,0,0,0,0,0,0,0,0,0,0,0,0,0,0,0,0,0,0.027983,0.05332,0.052165,0.058113,0.065527,0.076748,0.090131,0.106405,0.125583,0.146846,0.170239,0.195148,0.220948,0.247485,0.273442,0.299219,0.323481,0.347,0.369844,0.393233,0.418904,0.448348,0.484508,0.52764,0.580288,0.641058,0.709549,0.782718,0.856085,0.926041,0.986026,1.035075,1.071069,1.099259,1.128714,1.174133,1.254842,1.389399,1.602452,1.897827,2.287703,2.751309,3.266497,3.789398,4.265038,4.647479,4.877097,4.928725,4.788279,4.46654,4.002976,3.453879,2.87796,2.352101,1.915957,1.620582,1.464335,1.441764,1.519717,1.655823,1.803123,1.923556,1.982009,1.961674,1.858656,1.67457,1.42243,1.13435,0.76382,0.445857
C_1_2_5,"Monday, 25 August 2025 5:06:15 PM",152.736,264.533,37.007,Inclusive Mean =  2.8 phi (Fine Sand),Standard Deviation =  338.8 um =  1.56phi,Inclusive SD (Sorting Coeff.) =  1.8 phi (Poorly Sorted),Inclusive Skewness =  .1 (Near Symmetrical),Inclusive Kurtosis = 1.63 phi (Very Leptokurtic),NA,0,0,0,0,0,0,0,0,0,0,0,0,0,0,0,0,0,0,0,0,0,0,0,0,0,0,0,0,0,0.052907,0.061116,0.063614,0.061004,0.062246,0.064311,0.068794,0.077666,0.090372,0.10723,0.12705,0.149308,0.172994,0.197162,0.221428,0.244453,0.266498,0.286389,0.304771,0.321785,0.338603,0.356934,0.378516,0.406319,0.441307,0.486215,0.540334,0.603366,0.672202,0.741849,0.807615,0.861768,0.901793,0.924886,0.935675,0.944488,0.968654,1.031845,1.15914,1.382868,1.713743,2.17101,2.735535,3.384634,4.067203,4.714556,5.267873,5.643656,5.804407,5.719043,5.393334,4.866423,4.20263,3.470696,2.765529,2.135851,1.65392,1.322602,1.150107,1.108,1.158942,1.259073,1.370219,1.45449,1.490158,1.463033,1.365765,1.198903,0.984399,0.677378,0.401416
C_1_2_5,"Monday, 25 August 2025 5:07:22 PM",153.291,259.572,37.034,Inclusive Mean =  2.83 phi (Fine Sand),Standard Deviation =  331.08 um =  1.59phi,Inclusive SD (Sorting Coeff.) =  1.79 phi (Poorly Sorted),Inclusive Skewness =  .11 (Fine Skewed),Inclusive Kurtosis = 1.62 phi (Very Leptokurtic),NA,0,0,0,0,0,0,0,0,0,0,0,0,0,0,0,0,0,0,0,0,0,0,0,0,0,0,0,0,0,0.051771,0.059697,0.062045,0.059327,0.060432,0.062382,0.066774,0.075576,0.088263,0.105178,0.125161,0.147711,0.171833,0.196578,0.221566,0.245416,0.268396,0.289266,0.308672,0.326703,0.344513,0.363796,0.386258,0.414888,0.450619,0.496229,0.551023,0.614764,0.684398,0.754979,0.821862,0.877257,0.918602,0.942887,0.954543,0.963595,0.987118,1.048554,1.172941,1.392591,1.718703,2.170907,2.730953,3.376959,4.05865,4.707838,5.265866,5.648491,5.817149,5.738763,5.417476,4.890976,4.223468,3.484665,2.771695,2.135691,1.651273,1.321953,1.155174,1.120167,1.176204,1.276213,1.379688,1.448631,1.462837,1.412763,1.296028,1.119108,0.906162,0.617583,0.363798
C_1_2_5,"Monday, 25 August 2025 5:08:29 PM",153.231,267.514,37.931,Inclusive Mean =  2.77 phi (Fine Sand),Standard Deviation =  338.24 um =  1.56phi,Inclusive SD (Sorting Coeff.) =  1.81 phi (Poorly Sorted),Inclusive Skewness =  .09 (Near Symmetrical),Inclusive Kurtosis = 1.59 phi (Very Leptokurtic),NA,0,0,0,0,0,0,0,0,0,0,0,0,0,0,0,0,0,0,0,0,0,0,0,0,0,0,0,0,0,0.0496,0.057116,0.059296,0.056569,0.057537,0.059337,0.063523,0.072008,0.084304,0.100768,0.120293,0.142416,0.166184,0.190677,0.215531,0.23937,0.262453,0.283508,0.303147,0.321406,0.33939,0.358737,0.381113,0.409472,0.444751,0.489727,0.543759,0.606665,0.675484,0.745377,0.811805,0.867088,0.908728,0.933712,0.946409,0.956644,0.981192,1.043074,1.166805,1.384072,1.705677,2.15078,2.701263,3.33551,4.004088,4.640108,5.186121,5.559845,5.723959,5.646736,5.332841,4.819562,4.169687,3.451218,2.758838,2.142863,1.676699,1.364934,1.215177,1.197072,1.269007,1.382085,1.49397,1.564599,1.573075,1.510717,1.376693,1.180209,0.948595,0.642479,0.376543
C_1_2_5 - Average,"Monday, 25 August 2025 5:06:15 PM",153.086,263.873,37.319,Inclusive Mean =  2.8 phi (Fine Sand),Standard Deviation =  336.08 um =  1.57phi,Inclusive SD (Sorting Coeff.) =  1.8 phi (Poorly Sorted),Inclusive Skewness =  .1 (Fine Skewed),Inclusive Kurtosis = 1.61 phi (Very Leptokurtic),NA,0,0,0,0,0,0,0,0,0,0,0,0,0,0,0,0,0,0,0,0,0,0,0,0,0,0,0,0,0,0.051426,0.05931,0.061652,0.058966,0.060072,0.06201,0.066364,0.075083,0.087646,0.104392,0.124168,0.146478,0.170337,0.194806,0.219508,0.243079,0.265782,0.286388,0.30553,0.323298,0.340836,0.359822,0.381962,0.410226,0.445559,0.490723,0.545039,0.608265,0.677361,0.747402,0.813761,0.868704,0.909708,0.933829,0.945542,0.954909,0.978988,1.041158,1.166295,1.38651,1.712708,2.164232,2.722584,3.365701,4.043314,4.687501,5.239954,5.617331,5.781838,5.701514,5.381217,4.858987,4.198595,3.46886,2.765354,2.138135,1.660631,1.336496,1.173486,1.141746,1.201384,1.30579,1.414626,1.48924,1.50869,1.462171,1.346162,1.166073,0.946385,0.645813,0.380586
C_1_2_4,"Monday, 25 August 2025 5:15:59 PM",155.045,230.883,40.288,Inclusive Mean =  2.82 phi (Fine Sand),Standard Deviation =  285.66 um =  1.81phi,Inclusive SD (Sorting Coeff.) =  1.53 phi (Poorly Sorted),Inclusive Skewness =  .13 (Fine Skewed),Inclusive Kurtosis = 1.81 phi (Very Leptokurtic),NA,0,0,0,0,0,0,0,0,0,0,0,0,0,0,0,0,0,0,0,0,0,0,0,0,0,0,0,0,0,0.049823,0.057449,0.059682,0.056919,0.057709,0.059121,0.062669,0.070205,0.081248,0.096097,0.113691,0.133544,0.154727,0.176349,0.197998,0.218378,0.237594,0.254478,0.269465,0.282625,0.294996,0.308158,0.32389,0.344955,0.372564,0.409193,0.454337,0.507473,0.5654,0.623003,0.675059,0.713952,0.736456,0.740622,0.731499,0.721859,0.732379,0.79155,0.930321,1.188178,1.579914,2.130175,2.817766,3.616752,4.466089,5.281874,5.991817,6.490077,6.727941,6.66092,6.291893,5.663957,4.854046,3.946193,3.058807,2.253621,1.623665,1.173286,0.914487,0.811631,0.819362,0.886128,0.967615,1.025622,1.040938,1.005951,0.920796,0.792529,0.639704,0.434977,0.25585
C_1_2_4,"Monday, 25 August 2025 5:17:07 PM",154.551,239.615,41.396,Inclusive Mean =  2.77 phi (Fine Sand),Standard Deviation =  291.04 um =  1.78phi,Inclusive SD (Sorting Coeff.) =  1.55 phi (Poorly Sorted),Inclusive Skewness =  .1 (Fine Skewed),Inclusive Kurtosis = 1.77 phi (Very Leptokurtic),NA,0,0,0,0,0,0,0,0,0,0,0,0,0,0,0,0,0,0,0,0,0,0,0,0,0,0,0,0,0,0.04716,0.054311,0.056367,0.053663,0.054371,0.055718,0.059165,0.066502,0.077289,0.091841,0.109155,0.128782,0.149829,0.171422,0.19315,0.213698,0.233148,0.250289,0.265523,0.27888,0.291372,0.304557,0.32021,0.341085,0.368406,0.404644,0.44932,0.501929,0.559315,0.616412,0.668019,0.70651,0.728565,0.732104,0.721944,0.710606,0.718511,0.773878,0.907579,1.158856,1.542798,2.083898,2.761353,3.549251,4.386746,5.19027,5.887628,6.373973,6.601238,6.526889,6.155675,5.5333,4.738777,3.857802,3.008158,2.251338,1.674905,1.280208,1.072319,1.010637,1.044627,1.119238,1.188658,1.216653,1.187852,1.103236,0.970129,0.803976,0.627478,0.416207,0.2407
C_1_2_4,"Monday, 25 August 2025 5:18:15 PM",154.202,256.108,42.16,Inclusive Mean =  2.72 phi (Fine Sand),Standard Deviation =  318.75 um =  1.65phi,Inclusive SD (Sorting Coeff.) =  1.6 phi (Poorly Sorted),Inclusive Skewness =  .07 (Near Symmetrical),Inclusive Kurtosis = 1.76 phi (Very Leptokurtic),NA,0,0,0,0,0,0,0,0,0,0,0,0,0,0,0,0,0,0,0,0,0,0,0,0,0,0,0,0,0,0.045812,0.052641,0.05453,0.051705,0.052235,0.053398,0.056642,0.063733,0.074257,0.088536,0.105599,0.125013,0.145906,0.167412,0.189117,0.209704,0.229246,0.246515,0.261908,0.275443,0.28813,0.30153,0.317409,0.338525,0.366073,0.40251,0.447325,0.500011,0.557433,0.614595,0.666422,0.705443,0.728531,0.733715,0.725903,0.717454,0.728413,0.78636,0.921175,1.170905,1.549578,2.080649,2.743176,3.511567,4.326368,5.106318,5.781373,6.250075,6.465827,6.387445,6.019016,5.404336,4.619745,3.74861,2.906937,2.156458,1.586487,1.201886,1.011085,0.976451,1.048407,1.169908,1.292677,1.373188,1.390794,1.338219,1.217739,1.040928,0.83405,0.563597,0.329891
C_1_2_4 - Average,"Monday, 25 August 2025 5:15:59 PM",154.604,242.202,41.267,Inclusive Mean =  2.77 phi (Fine Sand),Standard Deviation =  299.02 um =  1.74phi,Inclusive SD (Sorting Coeff.) =  1.56 phi (Poorly Sorted),Inclusive Skewness =  .1 (Fine Skewed),Inclusive Kurtosis = 1.79 phi (Very Leptokurtic),NA,0,0,0,0,0,0,0,0,0,0,0,0,0,0,0,0,0,0,0,0,0,0,0,0,0,0,0,0,0,0.047598,0.054801,0.05686,0.054096,0.054771,0.056079,0.059492,0.066813,0.077598,0.092158,0.109482,0.129113,0.150154,0.171728,0.193422,0.213927,0.233329,0.250428,0.265632,0.278983,0.291499,0.304748,0.320503,0.341522,0.369014,0.405449,0.450327,0.503138,0.560716,0.618003,0.669833,0.708635,0.731184,0.73548,0.726449,0.71664,0.726434,0.783929,0.919692,1.172647,1.55743,2.098241,2.774099,3.55919,4.393068,5.192821,5.88694,6.371375,6.598336,6.525084,6.155528,5.533864,4.737523,3.850868,2.991301,2.220472,1.628353,1.21846,0.999297,0.932906,0.970799,1.058425,1.14965,1.205154,1.206528,1.149135,1.036222,0.879144,0.70041,0.471594,0.27548
C_1_2_3,"Monday, 25 August 2025 5:25:41 PM",154.605,232.293,42.79,Inclusive Mean =  2.8 phi (Fine Sand),Standard Deviation =  287.1 um =  1.8phi,Inclusive SD (Sorting Coeff.) =  1.49 phi (Poorly Sorted),Inclusive Skewness =  .11 (Fine Skewed),Inclusive Kurtosis = 1.79 phi (Very Leptokurtic),NA,0,0,0,0,0,0,0,0,0,0,0,0,0,0,0,0,0,0,0,0,0,0,0,0,0,0,0,0,0,0.044839,0.054499,0.050062,0.053202,0.051938,0.051708,0.056569,0.062954,0.073469,0.087434,0.103905,0.122469,0.142164,0.162143,0.182002,0.200555,0.217924,0.233115,0.24662,0.25863,0.270225,0.282992,0.29866,0.319882,0.347711,0.384432,0.429308,0.481586,0.537872,0.592987,0.641751,0.677054,0.696283,0.698624,0.690278,0.685184,0.704711,0.777601,0.933784,1.211681,1.623002,2.190452,2.88985,3.693801,4.540748,5.347869,6.04491,6.529694,6.756363,6.683425,6.314844,5.693035,4.892244,3.992928,3.109468,2.300473,1.658306,1.188675,0.907749,0.7848,0.779581,0.843081,0.931048,1.00272,1.034945,1.015052,0.940175,0.815785,0.661257,0.450193,0.264716
C_1_2_3,"Monday, 25 August 2025 5:26:48 PM",154.398,218.241,42.271,Inclusive Mean =  2.83 phi (Fine Sand),Standard Deviation =  260.54 um =  1.94phi,Inclusive SD (Sorting Coeff.) =  1.46 phi (Poorly Sorted),Inclusive Skewness =  .14 (Fine Skewed),Inclusive Kurtosis = 1.77 phi (Very Leptokurtic),NA,0,0,0,0,0,0,0,0,0,0,0,0,0,0,0,0,0,0,0,0,0,0,0,0,0,0,0,0,0,0.044823,0.054426,0.04993,0.052968,0.051635,0.051362,0.056188,0.062617,0.073242,0.087416,0.104204,0.123205,0.143462,0.164117,0.184759,0.204148,0.222398,0.238438,0.252745,0.26547,0.277689,0.291009,0.307187,0.328949,0.357392,0.394888,0.440726,0.494179,0.551815,0.608354,0.658502,0.694931,0.714894,0.717417,0.708679,0.702734,0.721233,0.793342,0.949561,1.228966,1.643775,2.21722,2.925104,3.739762,4.598692,5.417559,6.124558,6.615382,6.842933,6.765006,6.385891,5.749811,4.933785,4.02123,3.129464,2.318405,1.679834,1.216702,0.940606,0.815582,0.79687,0.833881,0.88275,0.908619,0.894291,0.83663,0.739583,0.614694,0.479936,0.317943,0.183502
C_1_2_3,"Monday, 25 August 2025 5:27:56 PM",154.073,232.045,42.446,Inclusive Mean =  2.82 phi (Fine Sand),Standard Deviation =  290.07 um =  1.79phi,Inclusive SD (Sorting Coeff.) =  1.51 phi (Poorly Sorted),Inclusive Skewness =  .11 (Fine Skewed),Inclusive Kurtosis = 1.8 phi (Very Leptokurtic),NA,0,0,0,0,0,0,0,0,0,0,0,0,0,0,0,0,0,0,0,0,0,0,0,0,0,0,0,0,0,0.044557,0.054039,0.049501,0.052382,0.05095,0.050585,0.055258,0.061589,0.072121,0.086236,0.10301,0.122049,0.142399,0.163207,0.184064,0.203727,0.222322,0.238764,0.253538,0.266773,0.279529,0.293385,0.310045,0.332198,0.360871,0.398393,0.444024,0.497054,0.554126,0.610103,0.659879,0.69636,0.717014,0.720982,0.714479,0.711324,0.732744,0.807279,0.96456,1.24273,1.653238,2.218596,2.914599,3.713888,4.555054,5.355511,6.045014,6.521728,6.739589,6.657533,6.279515,5.648471,4.839077,3.932185,3.042782,2.229826,1.58646,1.11903,0.844361,0.73219,0.742072,0.823527,0.930413,1.01827,1.061644,1.046278,0.970085,0.840623,0.680085,0.462402,0.271806
C_1_2_3 - Average,"Monday, 25 August 2025 5:25:41 PM",154.359,227.526,42.501,Inclusive Mean =  2.82 phi (Fine Sand),Standard Deviation =  279.63 um =  1.84phi,Inclusive SD (Sorting Coeff.) =  1.49 phi (Poorly Sorted),Inclusive Skewness =  .12 (Fine Skewed),Inclusive Kurtosis = 1.79 phi (Very Leptokurtic),NA,0,0,0,0,0,0,0,0,0,0,0,0,0,0,0,0,0,0,0,0,0,0,0,0,0,0,0,0,0,0.04474,0.054321,0.049831,0.05285,0.051508,0.051219,0.056005,0.062387,0.072944,0.087029,0.103706,0.122574,0.142675,0.163156,0.183608,0.20281,0.220881,0.236772,0.250968,0.263624,0.275814,0.289128,0.305297,0.32701,0.355325,0.392571,0.438019,0.49094,0.547938,0.603815,0.653377,0.689448,0.709397,0.712341,0.704479,0.699747,0.719562,0.792741,0.949302,1.227792,1.640005,2.208756,2.909851,3.715817,4.564832,5.373646,6.071494,6.555601,6.779628,6.701988,6.32675,5.697106,4.888368,3.982114,3.093904,2.282901,1.641534,1.174802,0.897572,0.777524,0.772841,0.833496,0.914737,0.976536,0.99696,0.965987,0.883281,0.757034,0.607093,0.410179,0.240008
C_1_2_2,"Monday, 25 August 2025 5:35:26 PM",148.255,216.946,41.637,Inclusive Mean =  2.88 phi (Fine Sand),Standard Deviation =  271.82 um =  1.88phi,Inclusive SD (Sorting Coeff.) =  1.46 phi (Poorly Sorted),Inclusive Skewness =  .12 (Fine Skewed),Inclusive Kurtosis = 1.83 phi (Very Leptokurtic),NA,0,0,0,0,0,0,0,0,0,0,0,0,0,0,0,0,0,0,0,0,0,0,0,0,0,0,0,0,0,0.04713,0.054048,0.055892,0.052802,0.053183,0.054185,0.057286,0.06427,0.074672,0.088752,0.105467,0.124314,0.144372,0.164765,0.185076,0.204087,0.221917,0.237545,0.25149,0.263987,0.276193,0.289799,0.306598,0.329306,0.358852,0.397397,0.443824,0.496982,0.553005,0.606352,0.651618,0.682055,0.695683,0.693301,0.683122,0.681905,0.713847,0.810559,1.003079,1.331116,1.802038,2.435675,3.198668,4.055095,4.933238,5.742122,6.405751,6.822964,6.951042,6.762085,6.271136,5.537821,4.648912,3.693104,2.788926,1.992017,1.385917,0.966082,0.735959,0.655582,0.678115,0.753375,0.83991,0.902075,0.923008,0.896056,0.821945,0.707406,0.570146,0.386909,0.22709
C_1_2_2,"Monday, 25 August 2025 5:36:33 PM",149.131,216.721,41.597,Inclusive Mean =  2.89 phi (Fine Sand),Standard Deviation =  275.21 um =  1.86phi,Inclusive SD (Sorting Coeff.) =  1.47 phi (Poorly Sorted),Inclusive Skewness =  .12 (Fine Skewed),Inclusive Kurtosis = 1.84 phi (Very Leptokurtic),NA,0,0,0,0,0,0,0,0,0,0,0,0,0,0,0,0,0,0,0,0,0,0,0,0,0,0,0,0,0,0.046419,0.053981,0.054757,0.05143,0.051997,0.052969,0.05589,0.062868,0.073271,0.08743,0.104308,0.123405,0.143809,0.164638,0.185482,0.205104,0.223637,0.240017,0.254761,0.268049,0.281002,0.295271,0.312603,0.335713,0.365516,0.404213,0.45075,0.504089,0.560511,0.61463,0.66122,0.693575,0.709747,0.710249,0.702972,0.704044,0.737024,0.832881,1.022256,1.34466,1.808125,2.433188,3.188145,4.038707,4.914875,5.726805,6.399012,6.829199,6.973035,6.79916,6.319569,5.590279,4.695825,3.723893,2.794527,1.965708,1.327337,0.879562,0.631962,0.547884,0.581262,0.679202,0.796137,0.889256,0.936799,0.927381,0.860912,0.745223,0.601792,0.408433,0.23966
C_1_2_2,"Monday, 25 August 2025 5:37:41 PM",148.059,229.236,42.857,Inclusive Mean =  2.85 phi (Fine Sand),Standard Deviation =  290.35 um =  1.78phi,Inclusive SD (Sorting Coeff.) =  1.5 phi (Poorly Sorted),Inclusive Skewness =  .09 (Near Symmetrical),Inclusive Kurtosis = 1.81 phi (Very Leptokurtic),NA,0,0,0,0,0,0,0,0,0,0,0,0,0,0,0,0,0,0,0,0,0,0,0,0,0,0,0,0,0,0.044092,0.053341,0.04871,0.051257,0.049598,0.048997,0.053272,0.059266,0.06941,0.08312,0.099495,0.11814,0.13812,0.158589,0.179132,0.198509,0.216826,0.233007,0.24754,0.260594,0.27328,0.28724,0.304226,0.32694,0.356307,0.394502,0.440473,0.493168,0.548894,0.602326,0.648322,0.680314,0.696485,0.697485,0.691308,0.694064,0.729122,0.82705,1.01775,1.339741,1.79992,2.417547,3.160093,3.992675,4.845644,5.63067,6.273893,6.676978,6.798195,6.610472,6.128435,5.410557,4.542024,3.61023,2.731845,1.962554,1.384448,0.993733,0.792624,0.740475,0.788741,0.885283,0.987534,1.058395,1.080923,1.048606,0.962439,0.829819,0.670584,0.456255,0.268397
C_1_2_2 - Average,"Monday, 25 August 2025 5:35:26 PM",148.484,220.968,42.022,Inclusive Mean =  2.87 phi (Fine Sand),Standard Deviation =  279.31 um =  1.84phi,Inclusive SD (Sorting Coeff.) =  1.48 phi (Poorly Sorted),Inclusive Skewness =  .11 (Fine Skewed),Inclusive Kurtosis = 1.83 phi (Very Leptokurtic),NA,0,0,0,0,0,0,0,0,0,0,0,0,0,0,0,0,0,0,0,0,0,0,0,0,0,0,0,0,0,0.045947,0.053436,0.054207,0.050914,0.051472,0.052425,0.0553,0.062183,0.07245,0.086428,0.103093,0.121952,0.1421,0.162664,0.18323,0.202567,0.220793,0.236857,0.251264,0.26421,0.276825,0.29077,0.307809,0.330653,0.360225,0.398704,0.445016,0.49808,0.554137,0.607769,0.65372,0.685314,0.700638,0.700345,0.692467,0.693338,0.726665,0.823497,1.014362,1.338506,1.803361,2.428803,3.182302,4.028826,4.897919,5.699866,6.359551,6.77638,6.907424,6.723905,6.239713,5.512886,4.62892,3.675743,2.771766,1.973426,1.365901,0.946459,0.720182,0.64798,0.682706,0.77262,0.874527,0.949909,0.980243,0.957348,0.881765,0.760816,0.614174,0.417199,0.245049
C_1_2_1,"Monday, 25 August 2025 5:45:47 PM",145.218,172.075,29.631,Inclusive Mean =  3.27 phi (Very Fine Sand),Standard Deviation =  210.9 um =  2.25phi,Inclusive SD (Sorting Coeff.) =  1.58 phi (Poorly Sorted),Inclusive Skewness =  .31 (Strongly Fine Skewed),Inclusive Kurtosis = 1.51 phi (Very Leptokurtic),NA,0,0,0,0,0,0,0,0,0,0,0,0,0,0,0,0,0,0,0,0,0,0,0,0,0,0,0,0.012757,0.065669,0.074018,0.082929,0.082815,0.083539,0.082348,0.082993,0.08715,0.095941,0.109516,0.127926,0.149746,0.174281,0.200314,0.22678,0.253283,0.278431,0.302623,0.324717,0.34558,0.365501,0.385883,0.408689,0.43577,0.470415,0.513376,0.567616,0.632012,0.706178,0.786673,0.8682,0.946256,1.013093,1.067517,1.107586,1.140385,1.178326,1.241048,1.35441,1.542951,1.839677,2.248743,2.786089,3.422354,4.12673,4.838989,5.484097,5.999378,6.303914,6.363063,6.157369,5.699456,5.039791,4.249529,3.400791,2.592401,1.868173,1.300518,0.885031,0.628594,0.499703,0.462248,0.476344,0.507188,0.527079,0.521415,0.48699,0.425861,0.346772,0.26977,0.164433,0.102271
C_1_2_1,"Monday, 25 August 2025 5:46:55 PM",144.442,178.972,30.033,Inclusive Mean =  3.26 phi (Very Fine Sand),Standard Deviation =  225.06 um =  2.15phi,Inclusive SD (Sorting Coeff.) =  1.64 phi (Poorly Sorted),Inclusive Skewness =  .27 (Fine Skewed),Inclusive Kurtosis = 1.54 phi (Very Leptokurtic),NA,0,0,0,0,0,0,0,0,0,0,0,0,0,0,0,0,0,0,0,0,0,0,0,0,0,0,0,0.012421,0.063872,0.071803,0.080271,0.079773,0.080142,0.078628,0.078965,0.082834,0.091361,0.104726,0.123004,0.144808,0.169469,0.195789,0.222705,0.249825,0.275719,0.300786,0.323814,0.345657,0.366543,0.387843,0.411489,0.439295,0.474566,0.518049,0.572778,0.637711,0.712612,0.794224,0.877439,0.957994,1.028183,1.086914,1.131895,1.169913,1.212628,1.278866,1.393506,1.580069,1.870526,2.268742,2.790246,3.40659,4.087911,4.775648,5.396763,5.889884,6.17629,6.221941,6.008892,5.550372,4.897685,4.122214,3.296093,2.516733,1.827491,1.297211,0.920009,0.698594,0.598572,0.580843,0.604049,0.63365,0.643916,0.623103,0.571861,0.494207,0.400278,0.311444,0.19052,0.11883
C_1_2_1,"Monday, 25 August 2025 5:48:03 PM",145.031,196.293,30.557,Inclusive Mean =  3.23 phi (Very Fine Sand),Standard Deviation =  264.83 um =  1.92phi,Inclusive SD (Sorting Coeff.) =  1.71 phi (Poorly Sorted),Inclusive Skewness =  .22 (Fine Skewed),Inclusive Kurtosis = 1.61 phi (Very Leptokurtic),NA,0,0,0,0,0,0,0,0,0,0,0,0,0,0,0,0,0,0,0,0,0,0,0,0,0,0,0,0.012133,0.062369,0.070055,0.078259,0.077642,0.077878,0.076257,0.076451,0.080123,0.088386,0.101438,0.11937,0.140839,0.165204,0.191301,0.218087,0.245184,0.271165,0.296431,0.319746,0.341938,0.363177,0.384764,0.40855,0.436269,0.471167,0.513993,0.567807,0.631708,0.705639,0.786597,0.869741,0.951066,1.022961,1.084351,1.132571,1.173921,1.219157,1.286121,1.398601,1.579256,1.859219,2.242777,2.745639,3.341203,4.001406,4.670211,5.277085,5.762485,6.049,6.102417,5.903111,5.462027,4.826927,4.066062,3.249196,2.472384,1.779552,1.242466,0.859544,0.639009,0.551591,0.561546,0.627063,0.711481,0.780729,0.81598,0.806267,0.749489,0.65068,0.526903,0.358311,0.210567
C_1_2_1 - Average,"Monday, 25 August 2025 5:45:47 PM",144.897,182.447,30.069,Inclusive Mean =  3.25 phi (Very Fine Sand),Standard Deviation =  234.93 um =  2.09phi,Inclusive SD (Sorting Coeff.) =  1.65 phi (Poorly Sorted),Inclusive Skewness =  .26 (Fine Skewed),Inclusive Kurtosis = 1.56 phi (Very Leptokurtic),NA,0,0,0,0,0,0,0,0,0,0,0,0,0,0,0,0,0,0,0,0,0,0,0,0,0,0,0,0.012437,0.06397,0.071959,0.080486,0.080077,0.08052,0.079078,0.07947,0.083369,0.091896,0.105227,0.123433,0.145131,0.169651,0.195801,0.222524,0.249431,0.275105,0.299947,0.322759,0.344392,0.365074,0.386163,0.409576,0.437112,0.472049,0.515139,0.5694,0.63381,0.708143,0.789165,0.871794,0.951772,1.021412,1.079594,1.124017,1.161406,1.20337,1.268678,1.382173,1.567426,1.856474,2.25342,2.773991,3.390049,4.072016,4.761616,5.385981,5.883915,6.176401,6.22914,6.023124,5.570618,4.921468,4.145935,3.31536,2.527173,1.825072,1.280065,0.888195,0.655399,0.549956,0.534878,0.569154,0.61744,0.65056,0.653556,0.621588,0.556558,0.466603,0.366277,0.243364,0.140718