ID,Mass,Organic,CaCO3,Sample,C,d13C,Date,Standards,Reliable,n,Acidified,ID_core,Sediment,Species,Added,Kelp,Sampled,Length_1,Length_2,Notes,Experiment,Tank,Core,Depth
E_C_1_1_1,111.26386,0.42132842670845727,0.5786715732915427,50.349,0.193831624,-20.16287963,04.02.26,"NBS22, IAEA603, USGS24, USGS41, USGS40",TRUE,1,TRUE,E_C_1_1,Coarse sand,Control,NA,0,17.04.24,20.5,20.5,NA,Australia,1,1,0.5
E_C_1_1_2,145.45655,0.46083109754848695,0.539168902451513,50.295,0.128834603,-19.25816754,13.01.26,"NBS22, IAEA603, USGS24, USGS41, USGS40",TRUE,1,TRUE,E_C_1_1,Coarse sand,Control,NA,0,17.04.24,20.5,20.5,NA,Australia,1,1,1.5
E_C_1_1_3,89.14398,0.47148886517851984,0.5285111348214802,50.91,0.151559689,-19.87240867,13.01.26,"NBS22, IAEA603, USGS24, USGS41, USGS40",TRUE,1,TRUE,E_C_1_1,Coarse sand,Control,NA,0,17.04.24,20.5,20.5,NA,Australia,1,1,2.5
E_C_1_1_4,103.6355,0.47733146413111527,0.5226685358688847,50.062,0.132519276,-19.57492735,13.01.26,"NBS22, IAEA603, USGS24, USGS41, USGS40",TRUE,1,TRUE,E_C_1_1,Coarse sand,Control,NA,0,17.04.24,20.5,20.5,NA,Australia,1,1,3.5
E_C_1_1_5,126.99405,0.49574739527960787,0.5042526047203921,50.579,0.126256393,-19.33100478,13.01.26,"NBS22, IAEA603, USGS24, USGS41, USGS40",TRUE,1,TRUE,E_C_1_1,Coarse sand,Control,NA,0,17.04.24,20.5,20.5,NA,Australia,1,1,4.5
E_C_1_1_6,124.50265,0.4993867725933119,0.5006132274066881,50.859,0.104422547,-19.52582375,13.01.26,"NBS22, IAEA603, USGS24, USGS41, USGS40",TRUE,1,TRUE,E_C_1_1,Coarse sand,Control,NA,0,17.04.24,20.5,20.5,NA,Australia,1,1,5.5
E_C_1_1_7,171.3956,0.4794496088562537,0.5205503911437463,50.848,0.113056128,-19.23540469,13.01.26,"NBS22, IAEA603, USGS24, USGS41, USGS40",TRUE,1,TRUE,E_C_1_1,Coarse sand,Control,NA,0,17.04.24,20.5,20.5,NA,Australia,1,1,6.5
E_C_1_1_8,140.70055,0.448106415148679,0.551893584851321,50.969,0.103641576,-19.3301807,13.01.26,"NBS22, IAEA603, USGS24, USGS41, USGS40",TRUE,1,TRUE,E_C_1_1,Coarse sand,Control,NA,0,17.04.24,20.5,20.5,NA,Australia,1,1,7.5
E_C_1_1_9,134.45305,0.43100393141463733,0.5689960685853627,50.264,0.118636179,-19.48161122,13.01.26,"NBS22, IAEA603, USGS24, USGS41, USGS40",TRUE,1,TRUE,E_C_1_1,Coarse sand,Control,NA,0,17.04.24,20.5,20.5,NA,Australia,1,1,8.5
E_C_1_1_10,122.3354,0.4315099470781377,0.5684900529218623,50.626,0.09992497,-19.66770228,13.01.26,"NBS22, IAEA603, USGS24, USGS41, USGS40",TRUE,1,TRUE,E_C_1_1,Coarse sand,Control,NA,0,17.04.24,20.5,20.5,NA,Australia,1,1,9.5
E_C_1_2_1,91.18802,0.09939239060992061,0.9006076093900794,NA,NA,NA,NA,NA,NA,NA,NA,E_C_1_2,Fine sand,Control,NA,0,17.04.24,23.5,24,NA,Australia,1,2,0.5
E_C_1_2_2,75.27766,0.10635015190325865,0.8936498480967413,NA,NA,NA,NA,NA,NA,NA,NA,E_C_1_2,Fine sand,Control,NA,0,17.04.24,23.5,24,NA,Australia,1,2,1.5
E_C_1_2_3,92.93602,0.11132555988259882,0.8886744401174012,5.945,3.910788385,-16.44567386,13.01.26,"NBS22, IAEA603, USGS24, USGS41, USGS40",TRUE,1,TRUE,E_C_1_2,Fine sand,Control,NA,0,17.04.24,23.5,24,NA,Australia,1,2,2.5
E_C_1_2_4,75.26878,0.13138875996470578,0.8686112400352942,3.946,3.924886603,-16.80706146,04.02.26,"NBS22, IAEA603, USGS24, USGS41, USGS40",TRUE,1,TRUE,E_C_1_2,Fine sand,Control,NA,0,17.04.24,23.5,24,NA,Australia,1,2,3.5
E_C_1_2_5,93.02664,0.16251840002150866,0.8374815999784914,NA,NA,NA,NA,NA,NA,NA,NA,E_C_1_2,Fine sand,Control,NA,0,17.04.24,23.5,24,NA,Australia,1,2,4.5
E_C_1_2_6,89.87838,0.18545428460166774,0.8145457153983322,3.907,7.055850183,-16.472062,04.02.26,"NBS22, IAEA603, USGS24, USGS41, USGS40",TRUE,1,TRUE,E_C_1_2,Fine sand,Control,NA,0,17.04.24,23.5,24,NA,Australia,1,2,5.5
E_C_1_2_7,89.70704,0.19832274749933343,0.8016772525006666,4.855,5.160277946,-16.22486781,04.02.26,"NBS22, IAEA603, USGS24, USGS41, USGS40",TRUE,1,TRUE,E_C_1_2,Fine sand,Control,NA,0,17.04.24,23.5,24,NA,Australia,1,2,6.5
E_C_1_2_8,80.35932,0.19241743900550803,0.807582560994492,4.403,6.240260143,-15.68644063,04.02.26,"NBS22, IAEA603, USGS24, USGS41, USGS40",TRUE,1,TRUE,E_C_1_2,Fine sand,Control,NA,0,17.04.24,23.5,24,NA,Australia,1,2,7.5
E_C_1_2_9,85.39034,0.1488708129860087,0.8511291870139913,5.422,4.770391241,-15.2432864,04.02.26,"NBS22, IAEA603, USGS24, USGS41, USGS40",TRUE,1,TRUE,E_C_1_2,Fine sand,Control,NA,0,17.04.24,23.5,24,NA,Australia,1,2,8.5
E_C_1_2_10,96.07652,0.20255401220702823,0.7974459877929718,10.818,2.47997606,-16.71028162,13.01.26,"NBS22, IAEA603, USGS24, USGS41, USGS40",TRUE,1,TRUE,E_C_1_2,Fine sand,Control,NA,0,17.04.24,23.5,24,NA,Australia,1,2,9.5
E_C_2_1_1,69.3554,0.12135847368729312,0.8786415263127069,1.836,8.537624455,-16.33245862,04.02.26,"NBS22, IAEA603, USGS24, USGS41, USGS40",TRUE,1,TRUE,E_C_2_1,Fine sand,Control,NA,0,17.04.24,22.6,22.9,NA,Australia,2,1,0.5
E_C_2_1_2,77.95262,0.13474290522722837,0.8652570947727716,NA,NA,NA,NA,NA,NA,NA,NA,E_C_2_1,Fine sand,Control,NA,0,17.04.24,22.6,22.9,NA,Australia,2,1,1.5
E_C_2_1_3,89.37906,0.14871375811860602,0.851286241881394,5.214,3.574407429,-16.39186087,13.01.26,"NBS22, IAEA603, USGS24, USGS41, USGS40",TRUE,1,TRUE,E_C_2_1,Fine sand,Control,NA,0,17.04.24,22.6,22.9,NA,Australia,2,1,2.5
E_C_2_1_4,98.37194,0.13750675405830726,0.8624932459416927,5.107,5.212937653,-17.13092229,04.02.26,"NBS22, IAEA603, USGS24, USGS41, USGS40",TRUE,1,TRUE,E_C_2_1,Fine sand,Control,NA,0,17.04.24,22.6,22.9,NA,Australia,2,1,3.5
E_C_2_1_5,93.45508,0.15639987875978448,0.8436001212402156,1.958,12.18084634,-16.63068663,04.02.26,"NBS22, IAEA603, USGS24, USGS41, USGS40",TRUE,1,TRUE,E_C_2_1,Fine sand,Control,NA,0,17.04.24,22.6,22.9,NA,Australia,2,1,4.5
E_C_2_1_6,88.93996,0.16680619955349457,0.8331938004465054,4.207,4.797462968,-15.98475349,04.02.26,"NBS22, IAEA603, USGS24, USGS41, USGS40",TRUE,1,TRUE,E_C_2_1,Fine sand,Control,NA,0,17.04.24,22.6,22.9,NA,Australia,2,1,5.5
E_C_2_1_7,84.09844,0.18923277897804375,0.8107672210219563,4.298,4.828158129,-16.13929228,04.02.26,"NBS22, IAEA603, USGS24, USGS41, USGS40",TRUE,1,TRUE,E_C_2_1,Fine sand,Control,NA,0,17.04.24,22.6,22.9,NA,Australia,2,1,6.5
E_C_2_1_8,75.60946,0.19774461263747356,0.8022553873625264,4.874,5.448152164,-16.20976811,04.02.26,"NBS22, IAEA603, USGS24, USGS41, USGS40",TRUE,1,TRUE,E_C_2_1,Fine sand,Control,NA,0,17.04.24,22.6,22.9,NA,Australia,2,1,7.5
E_C_2_1_9,95.16418,0.19349703928518364,0.8065029607148164,5.207,4.132774233,-16.09173125,04.02.26,"NBS22, IAEA603, USGS24, USGS41, USGS40",TRUE,1,TRUE,E_C_2_1,Fine sand,Control,NA,0,17.04.24,22.6,22.9,NA,Australia,2,1,8.5
E_C_2_1_10,81.75724,0.20628424816569182,0.7937157518343082,NA,NA,NA,NA,NA,NA,NA,NA,E_C_2_1,Fine sand,Control,NA,0,17.04.24,22.6,22.9,NA,Australia,2,1,9.5
E_C_2_2_1,41.01502,0.22007016518052946,0.7799298348194705,5.248,6.758375177,-17.12543154,04.02.26,"NBS22, IAEA603, USGS24, USGS41, USGS40",TRUE,1,TRUE,E_C_2_2,Fine sand,Control,NA,0,17.04.24,22.8,24.1,NA,Australia,2,2,0.5
E_C_2_2_2,76.9612,0.21717818536644923,0.7828218146335508,5.848,2.884202382,-16.51369848,04.02.26,"NBS22, IAEA603, USGS24, USGS41, USGS40",TRUE,1,TRUE,E_C_2_2,Fine sand,Control,NA,0,17.04.24,22.8,24.1,NA,Australia,2,2,1.5
E_C_2_2_3,95.18722,0.22763157894736813,0.7723684210526318,5.964,2.565720075,-16.52081677,13.01.26,"NBS22, IAEA603, USGS24, USGS41, USGS40",TRUE,1,TRUE,E_C_2_2,Fine sand,Control,NA,0,17.04.24,22.8,24.1,NA,Australia,2,2,2.5
E_C_2_2_4,82.71088,0.21134457903636303,0.7886554209636369,4.41,2.959420378,-15.69836426,04.02.26,"NBS22, IAEA603, USGS24, USGS41, USGS40",TRUE,1,TRUE,E_C_2_2,Fine sand,Control,NA,0,17.04.24,22.8,24.1,NA,Australia,2,2,3.5
E_C_2_2_5,90.52172,0.20625154130702866,0.7937484586929713,NA,NA,NA,NA,NA,NA,NA,NA,E_C_2_2,Fine sand,Control,NA,0,17.04.24,22.8,24.1,NA,Australia,2,2,4.5
E_C_2_2_6,84.50904,0.1972521499531805,0.8027478500468195,3.304,3.608707909,-15.62970863,04.02.26,"NBS22, IAEA603, USGS24, USGS41, USGS40",TRUE,1,TRUE,E_C_2_2,Fine sand,Control,NA,0,17.04.24,22.8,24.1,NA,Australia,2,2,5.5
E_C_2_2_7,85.20688,0.22044176654676742,0.7795582334532326,5.289,4.183293349,-16.12084609,04.02.26,"NBS22, IAEA603, USGS24, USGS41, USGS40",TRUE,1,TRUE,E_C_2_2,Fine sand,Control,NA,0,17.04.24,22.8,24.1,NA,Australia,2,2,6.5
E_C_2_2_8,95.21554,0.22725068962634806,0.7727493103736519,NA,NA,NA,NA,NA,NA,NA,NA,E_C_2_2,Fine sand,Control,NA,0,17.04.24,22.8,24.1,NA,Australia,2,2,7.5
E_C_2_2_9,94.24544,0.24348069309771045,0.7565193069022895,NA,NA,NA,NA,NA,NA,NA,NA,E_C_2_2,Fine sand,Control,NA,0,17.04.24,22.8,24.1,NA,Australia,2,2,8.5
E_C_2_2_10,94.73676,0.26430642542333527,0.7356935745766647,10.419,2.372037101,-17.51599959,13.01.26,"NBS22, IAEA603, USGS24, USGS41, USGS40",TRUE,1,TRUE,E_C_2_2,Fine sand,Control,NA,0,17.04.24,22.8,24.1,NA,Australia,2,2,9.5
E_C_2_3_1,42.25701,0.1256756329614067,0.8743243670385933,5.415,6.772028032,-17.73451073,04.02.26,"NBS22, IAEA603, USGS24, USGS41, USGS40",TRUE,1,TRUE,E_C_2_3,Fine sand,Control,NA,0,17.04.24,24,22.9,NA,Australia,2,3,0.5
E_C_2_3_2,65.69096,0.13871488131403045,0.8612851186859696,5.402,3.277522857,-16.71850866,13.01.26,"NBS22, IAEA603, USGS24, USGS41, USGS40",TRUE,1,TRUE,E_C_2_3,Fine sand,Control,NA,0,17.04.24,24,22.9,NA,Australia,2,3,1.5
E_C_2_3_3,83.74588,0.13441286113699807,0.8655871388630019,5.325,4.15405342,-16.14465766,13.01.26,"NBS22, IAEA603, USGS24, USGS41, USGS40",TRUE,1,TRUE,E_C_2_3,Fine sand,Control,NA,0,17.04.24,24,22.9,NA,Australia,2,3,2.5
E_C_2_3_4,78.29588,0.12768209583875464,0.8723179041612453,5.363,3.643739427,-16.14224531,13.01.26,"NBS22, IAEA603, USGS24, USGS41, USGS40",TRUE,1,TRUE,E_C_2_3,Fine sand,Control,NA,0,17.04.24,24,22.9,NA,Australia,2,3,3.5
E_C_2_3_5,91.55186,0.13803065768295375,0.8619693423170462,5.753,3.844856972,-16.24055916,13.01.26,"NBS22, IAEA603, USGS24, USGS41, USGS40",TRUE,1,TRUE,E_C_2_3,Fine sand,Control,NA,0,17.04.24,24,22.9,NA,Australia,2,3,4.5
E_C_2_3_6,78.65708,0.152863046211262,0.847136953788738,5.609,3.371294852,-16.07995385,13.01.26,"NBS22, IAEA603, USGS24, USGS41, USGS40",TRUE,1,TRUE,E_C_2_3,Fine sand,Control,NA,0,17.04.24,24,22.9,NA,Australia,2,3,5.5
E_C_2_3_7,95.24806,0.19040924117490632,0.8095907588250937,3.063,5.738798558,-15.84267487,04.02.26,"NBS22, IAEA603, USGS24, USGS41, USGS40",TRUE,1,TRUE,E_C_2_3,Fine sand,Control,NA,0,17.04.24,24,22.9,NA,Australia,2,3,6.5
E_C_2_3_8,56.0589,0.17729539185302173,0.8227046081469782,2.791,7.08259153,-15.58417869,04.02.26,"NBS22, IAEA603, USGS24, USGS41, USGS40",TRUE,1,TRUE,E_C_2_3,Fine sand,Control,NA,0,17.04.24,24,22.9,NA,Australia,2,3,7.5
E_C_2_3_9,95.08684,0.18998929011659627,0.8100107098834037,4.377,5.60067399,-16.40227574,04.02.26,"NBS22, IAEA603, USGS24, USGS41, USGS40",TRUE,1,TRUE,E_C_2_3,Fine sand,Control,NA,0,17.04.24,24,22.9,NA,Australia,2,3,8.5
E_C_2_3_10,96.1522,0.213884744928561,0.786115255071439,5.197,4.764554749,-15.91016899,04.02.26,"NBS22, IAEA603, USGS24, USGS41, USGS40",TRUE,1,TRUE,E_C_2_3,Fine sand,Control,NA,0,17.04.24,24,22.9,NA,Australia,2,3,9.5
E_1_10_1,314.404,0.4468833112245224,0.5531166887754776,50.309,0.23990599,323.7725355,04.02.26,"NBS22, IAEA603, USGS24, USGS41, USGS40",TRUE,1,TRUE,E_1_10,Coarse sand,Ecklonia radiata,18.04.24,10.01239,10.07.24,24.4,26.3,NA,Australia,1,10,0.5
E_1_10_2,131.92175,0.4534032636625549,0.5465967363374451,50.152,0.103929658,-0.655444784,04.02.26,"NBS22, IAEA603, USGS24, USGS41, USGS40",TRUE,1,TRUE,E_1_10,Coarse sand,Ecklonia radiata,18.04.24,10.01239,10.07.24,24.4,26.3,NA,Australia,1,10,1.5
E_1_10_3,136.5672,0.48205143813726903,0.517948561862731,50.533,0.13280586,-1.404368278,13.01.26,"NBS22, IAEA603, USGS24, USGS41, USGS40",TRUE,1,TRUE,E_1_10,Coarse sand,Ecklonia radiata,18.04.24,10.01239,10.07.24,24.4,26.3,NA,Australia,1,10,2.5
E_1_10_4,139.85285,0.4771644059533713,0.5228355940466287,50.745,0.115378835,-3.791514614,13.01.26,"NBS22, IAEA603, USGS24, USGS41, USGS40",TRUE,1,TRUE,E_1_10,Coarse sand,Ecklonia radiata,18.04.24,10.01239,10.07.24,24.4,26.3,NA,Australia,1,10,3.5
E_1_10_5,133.54565,0.40975572007119454,0.5902442799288055,50.842,0.127298417,-4.196906517,13.01.26,"NBS22, IAEA603, USGS24, USGS41, USGS40",TRUE,1,TRUE,E_1_10,Coarse sand,Ecklonia radiata,18.04.24,10.01239,10.07.24,24.4,26.3,NA,Australia,1,10,4.5
E_1_10_6,117.42522,0.4277426987271775,0.5722573012728225,50.472,0.124277328,-4.783191854,13.01.26,"NBS22, IAEA603, USGS24, USGS41, USGS40",TRUE,1,TRUE,E_1_10,Coarse sand,Ecklonia radiata,18.04.24,10.01239,10.07.24,24.4,26.3,NA,Australia,1,10,5.5
E_1_10_7,136.6787,0.42840167097477655,0.5715983290252235,50.191,0.113307132,-4.387953926,13.01.26,"NBS22, IAEA603, USGS24, USGS41, USGS40",TRUE,1,TRUE,E_1_10,Coarse sand,Ecklonia radiata,18.04.24,10.01239,10.07.24,24.4,26.3,NA,Australia,1,10,6.5
E_1_10_8,140.8587,0.4074065876910987,0.5925934123089013,50.548,0.141270251,-3.558266828,13.01.26,"NBS22, IAEA603, USGS24, USGS41, USGS40",TRUE,1,TRUE,E_1_10,Coarse sand,Ecklonia radiata,18.04.24,10.01239,10.07.24,24.4,26.3,NA,Australia,1,10,7.5
E_1_10_9,133.0736,0.40007129277566533,0.5999287072243347,50.378,0.141951214,-3.007992932,13.01.26,"NBS22, IAEA603, USGS24, USGS41, USGS40",TRUE,1,TRUE,E_1_10,Coarse sand,Ecklonia radiata,18.04.24,10.01239,10.07.24,24.4,26.3,NA,Australia,1,10,8.5
E_1_10_10,123.7295,0.3850340444590587,0.6149659555409412,50.493,0.139529676,-3.370348291,13.01.26,"NBS22, IAEA603, USGS24, USGS41, USGS40",TRUE,1,TRUE,E_1_10,Coarse sand,Ecklonia radiata,18.04.24,10.01239,10.07.24,24.4,26.3,NA,Australia,1,10,9.5
E_1_11_1,105.08578,0.10873946041326207,0.8912605395867379,1.779,12.43411602,106.8700083,04.02.26,"NBS22, IAEA603, USGS24, USGS41, USGS40",TRUE,1,TRUE,E_1_11,Fine sand,Ecklonia radiata,18.04.24,10.06705,18.07.24,23.5,22.8,NA,Australia,1,11,0.5
E_1_11_2,80.99284,0.10945228570709759,0.8905477142929024,NA,NA,NA,NA,NA,NA,NA,NA,E_1_11,Fine sand,Ecklonia radiata,18.04.24,10.06705,18.07.24,23.5,22.8,NA,Australia,1,11,1.5
E_1_11_3,89.43992,0.10706910165819672,0.8929308983418033,5.364,4.518726371,-13.25309631,04.02.26,"NBS22, IAEA603, USGS24, USGS41, USGS40",TRUE,1,TRUE,E_1_11,Fine sand,Ecklonia radiata,18.04.24,10.06705,18.07.24,23.5,22.8,NA,Australia,1,11,2.5
E_1_11_4,78.21502,0.12380729753277889,0.8761927024672211,5.433,6.599501918,-14.06363488,04.02.26,"NBS22, IAEA603, USGS24, USGS41, USGS40",TRUE,1,TRUE,E_1_11,Fine sand,Ecklonia radiata,18.04.24,10.06705,18.07.24,23.5,22.8,NA,Australia,1,11,3.5
E_1_11_5,82.66784,0.15356787412521108,0.8464321258747889,5.477,5.697054882,-14.31868293,04.02.26,"NBS22, IAEA603, USGS24, USGS41, USGS40",TRUE,1,TRUE,E_1_11,Fine sand,Ecklonia radiata,18.04.24,10.06705,18.07.24,23.5,22.8,NA,Australia,1,11,4.5
E_1_11_6,110.97544,0.17575482686018984,0.8242451731398102,5.373,4.987776594,-14.36587666,04.02.26,"NBS22, IAEA603, USGS24, USGS41, USGS40",TRUE,1,TRUE,E_1_11,Fine sand,Ecklonia radiata,18.04.24,10.06705,18.07.24,23.5,22.8,NA,Australia,1,11,5.5
E_1_11_7,87.1204,0.1884668629691478,0.8115331370308522,5.446,5.166592729,-15.14332848,04.02.26,"NBS22, IAEA603, USGS24, USGS41, USGS40",TRUE,1,TRUE,E_1_11,Fine sand,Ecklonia radiata,18.04.24,10.06705,18.07.24,23.5,22.8,NA,Australia,1,11,6.5
E_1_11_8,92.26976,0.20902377816654577,0.7909762218334542,5.161,3.871783174,-14.6591352,04.02.26,"NBS22, IAEA603, USGS24, USGS41, USGS40",TRUE,1,TRUE,E_1_11,Fine sand,Ecklonia radiata,18.04.24,10.06705,18.07.24,23.5,22.8,NA,Australia,1,11,7.5
E_1_11_9,85.16532,0.21110511862032244,0.7888948813796776,5.5,3.377352024,-15.94259712,04.02.26,"NBS22, IAEA603, USGS24, USGS41, USGS40",TRUE,1,TRUE,E_1_11,Fine sand,Ecklonia radiata,18.04.24,10.06705,18.07.24,23.5,22.8,NA,Australia,1,11,8.5
E_1_11_10,90.88192,0.22775737809606342,0.7722426219039366,5.355,2.86131984,-15.96904728,04.02.26,"NBS22, IAEA603, USGS24, USGS41, USGS40",TRUE,1,TRUE,E_1_11,Fine sand,Ecklonia radiata,18.04.24,10.06705,18.07.24,23.5,22.8,NA,Australia,1,11,9.5
E_1_12_1,165.15515,0.4276772475642725,0.5723227524357275,50.547,0.401503585,290.5005723,04.02.26,"NBS22, IAEA603, USGS24, USGS41, USGS40",TRUE,1,TRUE,E_1_12,Coarse sand,Ecklonia radiata,18.04.24,10.15609,26.07.24,24.2,24.8,NA,Australia,1,12,0.5
E_1_12_2,129.57315,0.48170475410924124,0.5182952458907588,50.12,0.122236091,150.6455078,04.02.26,"NBS22, IAEA603, USGS24, USGS41, USGS40",TRUE,1,TRUE,E_1_12,Coarse sand,Ecklonia radiata,18.04.24,10.15609,26.07.24,24.2,24.8,NA,Australia,1,12,1.5
E_1_12_3,165.8748,0.4793611283965984,0.5206388716034016,50.035,0.119859065,26.09632615,04.02.26,"NBS22, IAEA603, USGS24, USGS41, USGS40",TRUE,1,TRUE,E_1_12,Coarse sand,Ecklonia radiata,18.04.24,10.15609,26.07.24,24.2,24.8,NA,Australia,1,12,2.5
E_1_12_4,135.60995,0.4930092590266717,0.5069907409733283,50.934,0.10982186,8.418508723,04.02.26,"NBS22, IAEA603, USGS24, USGS41, USGS40",TRUE,1,TRUE,E_1_12,Coarse sand,Ecklonia radiata,18.04.24,10.15609,26.07.24,24.2,24.8,NA,Australia,1,12,3.5
E_1_12_5,133.00915,0.4867371216732145,0.5132628783267855,50.628,0.087825247,3.861260718,04.02.26,"NBS22, IAEA603, USGS24, USGS41, USGS40",TRUE,1,TRUE,E_1_12,Coarse sand,Ecklonia radiata,18.04.24,10.15609,26.07.24,24.2,24.8,NA,Australia,1,12,4.5
E_1_12_6,128.91525,0.49896447262640675,0.5010355273735932,50.254,0.093388099,3.545131933,04.02.26,"NBS22, IAEA603, USGS24, USGS41, USGS40",TRUE,1,TRUE,E_1_12,Coarse sand,Ecklonia radiata,18.04.24,10.15609,26.07.24,24.2,24.8,NA,Australia,1,12,5.5
E_1_12_7,143.36825,0.44934409896633326,0.5506559010336667,50.506,0.092536003,2.827916378,04.02.26,"NBS22, IAEA603, USGS24, USGS41, USGS40",TRUE,1,TRUE,E_1_12,Coarse sand,Ecklonia radiata,18.04.24,10.15609,26.07.24,24.2,24.8,NA,Australia,1,12,6.5
E_1_12_8,142.9646,0.42116671440102005,0.57883328559898,50.405,0.11442227,1.538384331,04.02.26,"NBS22, IAEA603, USGS24, USGS41, USGS40",TRUE,1,TRUE,E_1_12,Coarse sand,Ecklonia radiata,18.04.24,10.15609,26.07.24,24.2,24.8,NA,Australia,1,12,7.5
E_1_12_9,133.6175,0.40970652868475554,0.5902934713152445,50.289,0.119859682,2.749663686,04.02.26,"NBS22, IAEA603, USGS24, USGS41, USGS40",TRUE,1,TRUE,E_1_12,Coarse sand,Ecklonia radiata,18.04.24,10.15609,26.07.24,24.2,24.8,NA,Australia,1,12,8.5
E_1_12_10,134.46985,0.3785993200165436,0.6214006799834564,50.678,0.149363767,5.714703918,04.02.26,"NBS22, IAEA603, USGS24, USGS41, USGS40",TRUE,1,TRUE,E_1_12,Coarse sand,Ecklonia radiata,18.04.24,10.15609,26.07.24,24.2,24.8,NA,Australia,1,12,9.5
E_1_13_1,106.9138,0.14255724770237801,0.857442752297622,5.437,5.987839855,97.32463016,04.02.26,"NBS22, IAEA603, USGS24, USGS41, USGS40",TRUE,1,TRUE,E_1_13,Fine sand,Ecklonia radiata,18.04.24,10.08247,01.08.24,23.8,23.5,NA,Australia,1,13,0.5
E_1_13_2,80.15648,0.145214966193651,0.854785033806349,5.054,3.935982662,-0.741124278,04.02.26,"NBS22, IAEA603, USGS24, USGS41, USGS40",TRUE,1,TRUE,E_1_13,Fine sand,Ecklonia radiata,18.04.24,10.08247,01.08.24,23.8,23.5,NA,Australia,1,13,1.5
E_1_13_3,112.7903,0.14183938521895617,0.8581606147810439,NA,NA,NA,NA,NA,NA,NA,NA,E_1_13,Fine sand,Ecklonia radiata,18.04.24,10.08247,01.08.24,23.8,23.5,NA,Australia,1,13,2.5
E_1_13_4,60.1776,0.19104030817070158,0.8089596918292984,5.386,3.697612587,-9.326129035,04.02.26,"NBS22, IAEA603, USGS24, USGS41, USGS40",TRUE,1,TRUE,E_1_13,Fine sand,Ecklonia radiata,18.04.24,10.08247,01.08.24,23.8,23.5,NA,Australia,1,13,3.5
E_1_13_5,86.13388,0.2296872945322565,0.7703127054677434,5.254,3.604547878,-10.0629319,04.02.26,"NBS22, IAEA603, USGS24, USGS41, USGS40",TRUE,1,TRUE,E_1_13,Fine sand,Ecklonia radiata,18.04.24,10.08247,01.08.24,23.8,23.5,NA,Australia,1,13,4.5
E_1_13_6,78.62876,0.27930444024563145,0.7206955597543685,5.085,2.395409541,-12.54513835,04.02.26,"NBS22, IAEA603, USGS24, USGS41, USGS40",TRUE,1,TRUE,E_1_13,Fine sand,Ecklonia radiata,18.04.24,10.08247,01.08.24,23.8,23.5,NA,Australia,1,13,5.5
E_1_13_7,114.44722,0.2823979677106659,0.7176020322893342,5.485,2.946924393,-13.4174145,04.02.26,"NBS22, IAEA603, USGS24, USGS41, USGS40",TRUE,1,TRUE,E_1_13,Fine sand,Ecklonia radiata,18.04.24,10.08247,01.08.24,23.8,23.5,NA,Australia,1,13,6.5
E_1_13_8,87.75274,0.29939491955497355,0.7006050804450265,NA,NA,NA,NA,NA,NA,NA,NA,E_1_13,Fine sand,Ecklonia radiata,18.04.24,10.08247,01.08.24,23.8,23.5,NA,Australia,1,13,7.5
E_1_13_9,121.53685,0.330598319222195,0.6694016807778049,5.46,2.948598399,-13.76640822,04.02.26,"NBS22, IAEA603, USGS24, USGS41, USGS40",TRUE,1,TRUE,E_1_13,Fine sand,Ecklonia radiata,18.04.24,10.08247,01.08.24,23.8,23.5,NA,Australia,1,13,8.5
E_1_13_10,85.11048,0.3434740050276969,0.656525994972303,5.139,1.298697918,-15.07652217,04.02.26,"NBS22, IAEA603, USGS24, USGS41, USGS40",TRUE,1,TRUE,E_1_13,Fine sand,Ecklonia radiata,18.04.24,10.08247,01.08.24,23.8,23.5,NA,Australia,1,13,9.5
E_1_14_1,216.814,0.4562709498683526,0.5437290501316474,50.378,0.302067148,311.8615029,04.02.26,"NBS22, IAEA603, USGS24, USGS41, USGS40",TRUE,1,TRUE,E_1_14,Coarse sand,Ecklonia radiata,18.04.24,10.00486,07.08.24,25.3,24,NA,Australia,1,14,0.5
E_1_14_2,173.1087,0.4813326298802058,0.5186673701197941,50.672,0.10297085,3.652026151,04.02.26,"NBS22, IAEA603, USGS24, USGS41, USGS40",TRUE,1,TRUE,E_1_14,Coarse sand,Ecklonia radiata,18.04.24,10.00486,07.08.24,25.3,24,NA,Australia,1,14,1.5
E_1_14_3,153.07815,0.4644334112822406,0.5355665887177594,50.726,0.106406868,4.527245405,04.02.26,"NBS22, IAEA603, USGS24, USGS41, USGS40",TRUE,1,TRUE,E_1_14,Coarse sand,Ecklonia radiata,18.04.24,10.00486,07.08.24,25.3,24,NA,Australia,1,14,2.5
E_1_14_4,110.23234,0.46902668653833174,0.5309733134616683,50.335,0.110512324,0.760785503,04.02.26,"NBS22, IAEA603, USGS24, USGS41, USGS40",TRUE,1,TRUE,E_1_14,Coarse sand,Ecklonia radiata,18.04.24,10.00486,07.08.24,25.3,24,NA,Australia,1,14,3.5
E_1_14_5,125.2538,0.47151914683439705,0.5284808531656029,50.214,0.121209015,0.654974744,04.02.26,"NBS22, IAEA603, USGS24, USGS41, USGS40",TRUE,1,TRUE,E_1_14,Coarse sand,Ecklonia radiata,18.04.24,10.00486,07.08.24,25.3,24,NA,Australia,1,14,4.5
E_1_14_6,122.08565,0.47853500974346613,0.5214649902565338,50.547,0.100726398,-3.964435309,04.02.26,"NBS22, IAEA603, USGS24, USGS41, USGS40",TRUE,1,TRUE,E_1_14,Coarse sand,Ecklonia radiata,18.04.24,10.00486,07.08.24,25.3,24,NA,Australia,1,14,5.5
E_1_14_7,120.26865,0.48233827615758196,0.517661723842418,50.125,0.110599946,-3.252686728,04.02.26,"NBS22, IAEA603, USGS24, USGS41, USGS40",TRUE,1,TRUE,E_1_14,Coarse sand,Ecklonia radiata,18.04.24,10.00486,07.08.24,25.3,24,NA,Australia,1,14,6.5
E_1_14_8,135.6994,0.4433813223101227,0.5566186776898773,50.052,0.136361073,-4.728190798,04.02.26,"NBS22, IAEA603, USGS24, USGS41, USGS40",TRUE,1,TRUE,E_1_14,Coarse sand,Ecklonia radiata,18.04.24,10.00486,07.08.24,25.3,24,NA,Australia,1,14,7.5
E_1_14_9,139.63445,0.4087711645583587,0.5912288354416413,50.067,0.124680737,-0.337177035,04.02.26,"NBS22, IAEA603, USGS24, USGS41, USGS40",TRUE,1,TRUE,E_1_14,Coarse sand,Ecklonia radiata,18.04.24,10.00486,07.08.24,25.3,24,NA,Australia,1,14,8.5
E_1_14_10,132.78415,0.4001049244918384,0.5998950755081616,50.797,0.093430793,-1.069577638,04.02.26,"NBS22, IAEA603, USGS24, USGS41, USGS40",TRUE,1,TRUE,E_1_14,Coarse sand,Ecklonia radiata,18.04.24,10.00486,07.08.24,25.3,24,NA,Australia,1,14,9.5
E_1_15_1,192.21745,0.10933314499896588,0.8906668550010342,5.474,6.200808895,71.3642641,04.02.26,"NBS22, IAEA603, USGS24, USGS41, USGS40",TRUE,1,TRUE,E_1_15,Fine sand,Ecklonia radiata,18.04.24,10.02708,16.08.24,22.2,23.3,burrowing shrimp,Australia,1,15,0.5
E_1_15_2,86.11736,0.10970570924072948,0.8902942907592706,5.008,6.358611588,60.48888593,04.02.26,"NBS22, IAEA603, USGS24, USGS41, USGS40",TRUE,1,TRUE,E_1_15,Fine sand,Ecklonia radiata,18.04.24,10.02708,16.08.24,22.2,23.3,burrowing shrimp,Australia,1,15,1.5
E_1_15_3,81.68192,0.11760257357432431,0.8823974264256756,5.183,7.026173239,23.09553813,04.02.26,"NBS22, IAEA603, USGS24, USGS41, USGS40",TRUE,1,TRUE,E_1_15,Fine sand,Ecklonia radiata,18.04.24,10.02708,16.08.24,22.2,23.3,burrowing shrimp,Australia,1,15,2.5
E_1_15_4,71.93152,0.14944920360042382,0.8505507963995762,5.396,6.153796195,-3.169962377,04.02.26,"NBS22, IAEA603, USGS24, USGS41, USGS40",TRUE,1,TRUE,E_1_15,Fine sand,Ecklonia radiata,18.04.24,10.02708,16.08.24,22.2,23.3,burrowing shrimp,Australia,1,15,3.5
E_1_15_5,66.11288,0.14714137294732355,0.8528586270526765,2.198,7.195145052,-6.213568841,04.02.26,"NBS22, IAEA603, USGS24, USGS41, USGS40",TRUE,1,TRUE,E_1_15,Fine sand,Ecklonia radiata,18.04.24,10.02708,16.08.24,22.2,23.3,burrowing shrimp,Australia,1,15,4.5
E_1_15_6,70.04008,0.1483831710709321,0.8516168289290679,2.098,8.34861182,-9.004204786,04.02.26,"NBS22, IAEA603, USGS24, USGS41, USGS40",TRUE,1,TRUE,E_1_15,Fine sand,Ecklonia radiata,18.04.24,10.02708,16.08.24,22.2,23.3,burrowing shrimp,Australia,1,15,5.5
E_1_15_7,65.85898,0.1544875773288753,0.8455124226711247,2.047,8.604118199,-11.23285735,04.02.26,"NBS22, IAEA603, USGS24, USGS41, USGS40",TRUE,1,TRUE,E_1_15,Fine sand,Ecklonia radiata,18.04.24,10.02708,16.08.24,22.2,23.3,burrowing shrimp,Australia,1,15,6.5
E_1_15_8,102.09614,0.20532284518106023,0.7946771548189397,2.454,5.209155746,-13.04897679,04.02.26,"NBS22, IAEA603, USGS24, USGS41, USGS40",TRUE,1,TRUE,E_1_15,Fine sand,Ecklonia radiata,18.04.24,10.02708,16.08.24,22.2,23.3,burrowing shrimp,Australia,1,15,7.5
E_1_15_9,95.12956,0.26285103947220895,0.737148960527791,5.323,3.416130962,-12.57588539,04.02.26,"NBS22, IAEA603, USGS24, USGS41, USGS40",TRUE,1,TRUE,E_1_15,Fine sand,Ecklonia radiata,18.04.24,10.02708,16.08.24,22.2,23.3,burrowing shrimp,Australia,1,15,8.5
E_1_15_10,111.43894,0.2580382847618566,0.7419617152381435,5.431,3.195404805,-13.4101491,04.02.26,"NBS22, IAEA603, USGS24, USGS41, USGS40",TRUE,1,TRUE,E_1_15,Fine sand,Ecklonia radiata,18.04.24,10.02708,16.08.24,22.2,23.3,burrowing shrimp,Australia,1,15,9.5
E_1_2_1,126.95175,0.3206918888823461,0.6793081111176539,16.174,1.207091783,385.2541289,04.02.26,"NBS22, IAEA603, USGS24, USGS41, USGS40",TRUE,1,TRUE,E_1_2,Coarse sand,Ecklonia radiata,18.04.24,9.96625,15.05.24,23.9,24.3,NA,Australia,1,2,0.5
E_1_2_2,161.4389,0.3437820673177553,0.6562179326822447,50.603,0.167929708,32.07165002,04.02.26,"NBS22, IAEA603, USGS24, USGS41, USGS40",TRUE,1,TRUE,E_1_2,Coarse sand,Ecklonia radiata,18.04.24,9.96625,15.05.24,23.9,24.3,NA,Australia,1,2,1.5
E_1_2_3,122.9893,0.36484029551509195,0.635159704484908,50.401,0.152741416,6.479248287,04.02.26,"NBS22, IAEA603, USGS24, USGS41, USGS40",TRUE,1,TRUE,E_1_2,Coarse sand,Ecklonia radiata,18.04.24,9.96625,15.05.24,23.9,24.3,NA,Australia,1,2,2.5
E_1_2_4,113.23962,0.4240222732398903,0.5759777267601097,50.209,0.145027332,5.620883832,04.02.26,"NBS22, IAEA603, USGS24, USGS41, USGS40",TRUE,1,TRUE,E_1_2,Coarse sand,Ecklonia radiata,18.04.24,9.96625,15.05.24,23.9,24.3,NA,Australia,1,2,3.5
E_1_2_5,127.52185,0.45817095149339937,0.5418290485066006,50.388,0.110134667,4.573806049,04.02.26,"NBS22, IAEA603, USGS24, USGS41, USGS40",TRUE,1,TRUE,E_1_2,Coarse sand,Ecklonia radiata,18.04.24,9.96625,15.05.24,23.9,24.3,NA,Australia,1,2,4.5
E_1_2_6,134.3651,0.46296701451605493,0.5370329854839451,50.622,0.135454514,5.115054473,04.02.26,"NBS22, IAEA603, USGS24, USGS41, USGS40",TRUE,1,TRUE,E_1_2,Coarse sand,Ecklonia radiata,18.04.24,9.96625,15.05.24,23.9,24.3,NA,Australia,1,2,5.5
E_1_2_7,117.9862,0.4985608596465041,0.5014391403534959,50.415,0.091615566,3.856592149,04.02.26,"NBS22, IAEA603, USGS24, USGS41, USGS40",TRUE,1,TRUE,E_1_2,Coarse sand,Ecklonia radiata,18.04.24,9.96625,15.05.24,23.9,24.3,NA,Australia,1,2,6.5
E_1_2_8,155.2857,0.48732330353315434,0.5126766964668457,50.032,0.097556349,5.709902674,04.02.26,"NBS22, IAEA603, USGS24, USGS41, USGS40",TRUE,1,TRUE,E_1_2,Coarse sand,Ecklonia radiata,18.04.24,9.96625,15.05.24,23.9,24.3,NA,Australia,1,2,7.5
E_1_2_9,118.22242,0.45114192964939714,0.5488580703506029,50.537,0.109033338,7.520265461,04.02.26,"NBS22, IAEA603, USGS24, USGS41, USGS40",TRUE,1,TRUE,E_1_2,Coarse sand,Ecklonia radiata,18.04.24,9.96625,15.05.24,23.9,24.3,NA,Australia,1,2,8.5
E_1_2_10,92.62414,0.41053349127237804,0.589466508727622,51,0.138384528,5.945623039,04.02.26,"NBS22, IAEA603, USGS24, USGS41, USGS40",TRUE,1,TRUE,E_1_2,Coarse sand,Ecklonia radiata,18.04.24,9.96625,15.05.24,23.9,24.3,NA,Australia,1,2,9.5
E_1_6_1,146.9179,0.29362402612374416,0.7063759738762558,21.593,0.958145372,416.2396286,04.02.26,"NBS22, IAEA603, USGS24, USGS41, USGS40",TRUE,1,TRUE,E_1_6,Coarse sand,Ecklonia radiata,18.04.24,9.97246,10.06.24,25.5,25.2,NA,Australia,1,6,0.5
E_1_6_2,122.94875,0.30771599394421434,0.6922840060557857,50.217,0.244257855,4.292508275,04.02.26,"NBS22, IAEA603, USGS24, USGS41, USGS40",TRUE,1,TRUE,E_1_6,Coarse sand,Ecklonia radiata,18.04.24,9.97246,10.06.24,25.5,25.2,NA,Australia,1,6,1.5
E_1_6_3,113.91394,0.33977478714638765,0.6602252128536124,50.892,0.19922835,1.878958504,04.02.26,"NBS22, IAEA603, USGS24, USGS41, USGS40",TRUE,1,TRUE,E_1_6,Coarse sand,Ecklonia radiata,18.04.24,9.97246,10.06.24,25.5,25.2,NA,Australia,1,6,2.5
E_1_6_4,117.24804,0.3768309509354817,0.6231690490645183,50.131,0.140703284,1.297292085,04.02.26,"NBS22, IAEA603, USGS24, USGS41, USGS40",TRUE,1,TRUE,E_1_6,Coarse sand,Ecklonia radiata,18.04.24,9.97246,10.06.24,25.5,25.2,NA,Australia,1,6,3.5
E_1_6_5,122.37295,0.40122017673462274,0.5987798232653773,50.177,0.140034984,0.565762087,04.02.26,"NBS22, IAEA603, USGS24, USGS41, USGS40",TRUE,1,TRUE,E_1_6,Coarse sand,Ecklonia radiata,18.04.24,9.97246,10.06.24,25.5,25.2,NA,Australia,1,6,4.5
E_1_6_6,124.3583,0.3435636059489274,0.6564363940510727,50.915,0.145902623,1.481483026,04.02.26,"NBS22, IAEA603, USGS24, USGS41, USGS40",TRUE,1,TRUE,E_1_6,Coarse sand,Ecklonia radiata,18.04.24,9.97246,10.06.24,25.5,25.2,NA,Australia,1,6,5.5
E_1_6_7,103.03534,0.336342249536226,0.663657750463774,50.257,0.138352291,2.483103298,04.02.26,"NBS22, IAEA603, USGS24, USGS41, USGS40",TRUE,1,TRUE,E_1_6,Coarse sand,Ecklonia radiata,18.04.24,9.97246,10.06.24,25.5,25.2,NA,Australia,1,6,6.5
E_1_6_8,105.76308,0.33384379785604856,0.6661562021439514,50.535,0.155804168,1.795489566,04.02.26,"NBS22, IAEA603, USGS24, USGS41, USGS40",TRUE,1,TRUE,E_1_6,Coarse sand,Ecklonia radiata,18.04.24,9.97246,10.06.24,25.5,25.2,NA,Australia,1,6,7.5
E_1_6_9,134.32515,0.3280246744921658,0.6719753255078342,50.696,0.159343826,5.597327561,04.02.26,"NBS22, IAEA603, USGS24, USGS41, USGS40",TRUE,1,TRUE,E_1_6,Coarse sand,Ecklonia radiata,18.04.24,9.97246,10.06.24,25.5,25.2,NA,Australia,1,6,8.5
E_1_6_10,124.90465,0.3144012757758535,0.6855987242241466,50.309,0.168275903,9.721416933,04.02.26,"NBS22, IAEA603, USGS24, USGS41, USGS40",TRUE,1,TRUE,E_1_6,Coarse sand,Ecklonia radiata,18.04.24,9.97246,10.06.24,25.5,25.2,NA,Australia,1,6,9.5
E_1_8_1,98.6537,0.39500722608617106,0.604992773913829,23.402,0.857485169,467.0081187,04.02.26,"NBS22, IAEA603, USGS24, USGS41, USGS40",TRUE,1,TRUE,E_1_8,Coarse sand,Ecklonia radiata,18.04.24,10.05729,25.06.24,24.6,26.5,NA,Australia,1,8,0.5
E_1_8_2,119.19144,0.44013166420444183,0.5598683357955582,50.119,0.165942286,24.84244633,04.02.26,"NBS22, IAEA603, USGS24, USGS41, USGS40",TRUE,1,TRUE,E_1_8,Coarse sand,Ecklonia radiata,18.04.24,10.05729,25.06.24,24.6,26.5,NA,Australia,1,8,1.5
E_1_8_3,101.37835,0.45410863586057265,0.5458913641394274,50.012,0.147659634,4.216889023,04.02.26,"NBS22, IAEA603, USGS24, USGS41, USGS40",TRUE,1,TRUE,E_1_8,Coarse sand,Ecklonia radiata,18.04.24,10.05729,25.06.24,24.6,26.5,NA,Australia,1,8,2.5
E_1_8_4,151.44835,0.47323810210408174,0.5267618978959183,50.803,0.089511572,3.635394562,04.02.26,"NBS22, IAEA603, USGS24, USGS41, USGS40",TRUE,1,TRUE,E_1_8,Coarse sand,Ecklonia radiata,18.04.24,10.05729,25.06.24,24.6,26.5,NA,Australia,1,8,3.5
E_1_8_5,112.97308,0.494436522525927,0.5055634774740729,50.728,0.084986575,1.612105284,04.02.26,"NBS22, IAEA603, USGS24, USGS41, USGS40",TRUE,1,TRUE,E_1_8,Coarse sand,Ecklonia radiata,18.04.24,10.05729,25.06.24,24.6,26.5,NA,Australia,1,8,4.5
E_1_8_6,124.73815,0.5095369804949893,0.4904630195050107,50.619,0.086164436,4.453429351,04.02.26,"NBS22, IAEA603, USGS24, USGS41, USGS40",TRUE,1,TRUE,E_1_8,Coarse sand,Ecklonia radiata,18.04.24,10.05729,25.06.24,24.6,26.5,NA,Australia,1,8,5.5
E_1_8_7,141.3933,0.5159246636044581,0.4840753363955419,50.973,0.076527669,5.343812534,04.02.26,"NBS22, IAEA603, USGS24, USGS41, USGS40",TRUE,1,TRUE,E_1_8,Coarse sand,Ecklonia radiata,18.04.24,10.05729,25.06.24,24.6,26.5,NA,Australia,1,8,6.5
E_1_8_8,123.10895,0.4888718976669214,0.5111281023330786,50.638,0.084745282,5.479906958,04.02.26,"NBS22, IAEA603, USGS24, USGS41, USGS40",TRUE,1,TRUE,E_1_8,Coarse sand,Ecklonia radiata,18.04.24,10.05729,25.06.24,24.6,26.5,NA,Australia,1,8,7.5
E_1_8_9,123.40235,0.464472964056082,0.5355270359439179,50.688,0.108880737,5.485649203,04.02.26,"NBS22, IAEA603, USGS24, USGS41, USGS40",TRUE,1,TRUE,E_1_8,Coarse sand,Ecklonia radiata,18.04.24,10.05729,25.06.24,24.6,26.5,NA,Australia,1,8,8.5
E_1_8_10,122.39055,0.3940129962070419,0.6059870037929581,50.578,0.119779254,8.130664228,04.02.26,"NBS22, IAEA603, USGS24, USGS41, USGS40",TRUE,1,TRUE,E_1_8,Coarse sand,Ecklonia radiata,18.04.24,10.05729,25.06.24,24.6,26.5,NA,Australia,1,8,9.5
E_1_9_1,106.69762,0.12520367216295852,0.8747963278370414,5.297,7.092236792,116.00144,04.02.26,"NBS22, IAEA603, USGS24, USGS41, USGS40",TRUE,1,TRUE,E_1_9,Fine sand,Ecklonia radiata,18.04.24,9.99584,02.07.24,23.4,23.9,NA,Australia,1,9,0.5
E_1_9_2,120.69605,0.15742131648960328,0.8425786835103968,5.349,3.963578215,4.525100131,04.02.26,"NBS22, IAEA603, USGS24, USGS41, USGS40",TRUE,1,TRUE,E_1_9,Fine sand,Ecklonia radiata,18.04.24,9.99584,02.07.24,23.4,23.9,NA,Australia,1,9,1.5
E_1_9_3,84.69344,0.18176461466894175,0.8182353853310582,NA,NA,NA,NA,NA,NA,NA,NA,E_1_9,Fine sand,Ecklonia radiata,18.04.24,9.99584,02.07.24,23.4,23.9,NA,Australia,1,9,2.5
E_1_9_4,75.93342,0.1890647008042159,0.8109352991957841,5.157,6.636363424,-8.934370669,04.02.26,"NBS22, IAEA603, USGS24, USGS41, USGS40",TRUE,1,TRUE,E_1_9,Fine sand,Ecklonia radiata,18.04.24,9.99584,02.07.24,23.4,23.9,NA,Australia,1,9,3.5
E_1_9_5,72.80978,0.19852143968631206,0.8014785603136879,3.435,5.221918762,-7.129261562,04.02.26,"NBS22, IAEA603, USGS24, USGS41, USGS40",TRUE,1,TRUE,E_1_9,Fine sand,Ecklonia radiata,18.04.24,9.99584,02.07.24,23.4,23.9,NA,Australia,1,9,4.5
E_1_9_6,79.4334,0.19921991386548885,0.8007800861345111,3.687,4.223103417,-6.937669982,04.02.26,"NBS22, IAEA603, USGS24, USGS41, USGS40",TRUE,1,TRUE,E_1_9,Fine sand,Ecklonia radiata,18.04.24,9.99584,02.07.24,23.4,23.9,NA,Australia,1,9,5.5
E_1_9_7,70.79318,0.19966489807316318,0.8003351019268368,4.581,4.757298087,-12.67301059,04.02.26,"NBS22, IAEA603, USGS24, USGS41, USGS40",TRUE,1,TRUE,E_1_9,Fine sand,Ecklonia radiata,18.04.24,9.99584,02.07.24,23.4,23.9,NA,Australia,1,9,6.5
E_1_9_8,94.4665,0.21953103793873938,0.7804689620612606,6.042,5.110537942,-14.91488482,04.02.26,"NBS22, IAEA603, USGS24, USGS41, USGS40",TRUE,1,TRUE,E_1_9,Fine sand,Ecklonia radiata,18.04.24,9.99584,02.07.24,23.4,23.9,NA,Australia,1,9,7.5
E_1_9_9,86.3707,0.25097553164992303,0.749024468350077,5.775,3.773880278,-14.14395927,04.02.26,"NBS22, IAEA603, USGS24, USGS41, USGS40",TRUE,1,TRUE,E_1_9,Fine sand,Ecklonia radiata,18.04.24,9.99584,02.07.24,23.4,23.9,NA,Australia,1,9,8.5
E_1_9_10,104.29748,0.26186874061631754,0.7381312593836824,15.117,1.613547021,-15.57760884,13.01.26,"NBS22, IAEA603, USGS24, USGS41, USGS40",TRUE,1,TRUE,E_1_9,Fine sand,Ecklonia radiata,18.04.24,9.99584,02.07.24,23.4,23.9,NA,Australia,1,9,9.5
E_2_10_1,170.86165,0.10694496882621232,0.8930550311737877,5.132,6.330611384,94.85752331,04.02.26,"NBS22, IAEA603, USGS24, USGS41, USGS40",TRUE,1,TRUE,E_2_10,Fine sand,Ecklonia radiata,18.04.24,9.93781,10.07.24,23.9,24.7,NA,Australia,2,10,0.5
E_2_10_2,100.65028,0.10440422814903128,0.8955957718509687,5.188,4.407976932,-3.324176834,04.02.26,"NBS22, IAEA603, USGS24, USGS41, USGS40",TRUE,1,TRUE,E_2_10,Fine sand,Ecklonia radiata,18.04.24,9.93781,10.07.24,23.9,24.7,NA,Australia,2,10,1.5
E_2_10_3,92.30466,0.1085396442008453,0.8914603557991547,5.419,5.78395227,-7.728068254,04.02.26,"NBS22, IAEA603, USGS24, USGS41, USGS40",TRUE,1,TRUE,E_2_10,Fine sand,Ecklonia radiata,18.04.24,9.93781,10.07.24,23.9,24.7,NA,Australia,2,10,2.5
E_2_10_4,89.16216,0.12175315264991232,0.8782468473500877,5.483,6.312034866,-10.01822573,04.02.26,"NBS22, IAEA603, USGS24, USGS41, USGS40",TRUE,1,TRUE,E_2_10,Fine sand,Ecklonia radiata,18.04.24,9.93781,10.07.24,23.9,24.7,NA,Australia,2,10,3.5
E_2_10_5,79.82804,0.1320510561775916,0.8679489438224084,2.522,4.856043499,-12.13307421,04.02.26,"NBS22, IAEA603, USGS24, USGS41, USGS40",TRUE,1,TRUE,E_2_10,Fine sand,Ecklonia radiata,18.04.24,9.93781,10.07.24,23.9,24.7,NA,Australia,2,10,4.5
E_2_10_6,74.57766,0.14085445883240455,0.8591455411675955,2.468,6.833039953,-13.13618577,04.02.26,"NBS22, IAEA603, USGS24, USGS41, USGS40",TRUE,1,TRUE,E_2_10,Fine sand,Ecklonia radiata,18.04.24,9.93781,10.07.24,23.9,24.7,NA,Australia,2,10,5.5
E_2_10_7,88.02174,0.1572679530582709,0.8427320469417291,5.319,6.730932657,-14.61579896,04.02.26,"NBS22, IAEA603, USGS24, USGS41, USGS40",TRUE,1,TRUE,E_2_10,Fine sand,Ecklonia radiata,18.04.24,9.93781,10.07.24,23.9,24.7,NA,Australia,2,10,6.5
E_2_10_8,79.14804,0.171157406881511,0.8288425931184891,5.416,6.186551248,-15.00380898,04.02.26,"NBS22, IAEA603, USGS24, USGS41, USGS40",TRUE,1,TRUE,E_2_10,Fine sand,Ecklonia radiata,18.04.24,9.93781,10.07.24,23.9,24.7,NA,Australia,2,10,7.5
E_2_10_9,97.12136,0.18188621119098014,0.8181137888090199,5.353,5.476390652,-14.91665826,04.02.26,"NBS22, IAEA603, USGS24, USGS41, USGS40",TRUE,1,TRUE,E_2_10,Fine sand,Ecklonia radiata,18.04.24,9.93781,10.07.24,23.9,24.7,NA,Australia,2,10,8.5
E_2_10_10,83.63484,0.202083812150463,0.797916187849537,5.065,2.795416815,-15.67261374,04.02.26,"NBS22, IAEA603, USGS24, USGS41, USGS40",TRUE,1,TRUE,E_2_10,Fine sand,Ecklonia radiata,18.04.24,9.93781,10.07.24,23.9,24.7,NA,Australia,2,10,9.5
E_2_12_1,111.99022,0.12619534883720845,0.8738046511627915,5.39,5.604671383,122.0329813,04.02.26,"NBS22, IAEA603, USGS24, USGS41, USGS40",TRUE,1,TRUE,E_2_12,Fine sand,Ecklonia radiata,18.04.24,10.09164,26.07.24,25.3,25.2,NA,Australia,2,12,0.5
E_2_12_2,64.9881,0.12084366942431528,0.8791563305756848,NA,NA,NA,NA,NA,NA,NA,NA,E_2_12,Fine sand,Ecklonia radiata,18.04.24,10.09164,26.07.24,25.3,25.2,NA,Australia,2,12,1.5
E_2_12_3,67.14366,0.11348818625937523,0.8865118137406247,5.092,5.86806909,0.638241174,04.02.26,"NBS22, IAEA603, USGS24, USGS41, USGS40",TRUE,1,TRUE,E_2_12,Fine sand,Ecklonia radiata,18.04.24,10.09164,26.07.24,25.3,25.2,NA,Australia,2,12,2.5
E_2_12_4,71.02972,0.12203139989236986,0.8779686001076301,5.003,4.79930538,1.427606179,04.02.26,"NBS22, IAEA603, USGS24, USGS41, USGS40",TRUE,1,TRUE,E_2_12,Fine sand,Ecklonia radiata,18.04.24,10.09164,26.07.24,25.3,25.2,NA,Australia,2,12,3.5
E_2_12_5,74.01966,0.1471519199560074,0.8528480800439926,5.125,5.406379329,-3.23746324,04.02.26,"NBS22, IAEA603, USGS24, USGS41, USGS40",TRUE,1,TRUE,E_2_12,Fine sand,Ecklonia radiata,18.04.24,10.09164,26.07.24,25.3,25.2,NA,Australia,2,12,4.5
E_2_12_6,73.09402,0.17619262040039876,0.8238073795996013,5.211,4.593191321,-4.028309802,04.02.26,"NBS22, IAEA603, USGS24, USGS41, USGS40",TRUE,1,TRUE,E_2_12,Fine sand,Ecklonia radiata,18.04.24,10.09164,26.07.24,25.3,25.2,NA,Australia,2,12,5.5
E_2_12_7,83.13282,0.18903614842909347,0.8109638515709066,5.378,4.8631667,-8.31522976,04.02.26,"NBS22, IAEA603, USGS24, USGS41, USGS40",TRUE,1,TRUE,E_2_12,Fine sand,Ecklonia radiata,18.04.24,10.09164,26.07.24,25.3,25.2,NA,Australia,2,12,6.5
E_2_12_8,89.99306,0.2155765647497254,0.7844234352502746,5.041,4.047242939,-11.15725914,04.02.26,"NBS22, IAEA603, USGS24, USGS41, USGS40",TRUE,1,TRUE,E_2_12,Fine sand,Ecklonia radiata,18.04.24,10.09164,26.07.24,25.3,25.2,NA,Australia,2,12,7.5
E_2_12_9,82.33724,0.23803631765369743,0.7619636823463025,5.394,3.084708571,-13.04865663,04.02.26,"NBS22, IAEA603, USGS24, USGS41, USGS40",TRUE,1,TRUE,E_2_12,Fine sand,Ecklonia radiata,18.04.24,10.09164,26.07.24,25.3,25.2,NA,Australia,2,12,8.5
E_2_12_10,98.76514,0.26180240131201515,0.7381975986879848,5.498,3.050092153,-13.66226047,04.02.26,"NBS22, IAEA603, USGS24, USGS41, USGS40",TRUE,1,TRUE,E_2_12,Fine sand,Ecklonia radiata,18.04.24,10.09164,26.07.24,25.3,25.2,NA,Australia,2,12,9.5
E_2_13_1,226.492,0.34421570895152553,0.6557842910484745,50.849,0.468487549,283.0974736,04.02.26,"NBS22, IAEA603, USGS24, USGS41, USGS40",TRUE,1,TRUE,E_2_13,Coarse sand,Ecklonia radiata,18.04.24,10.12561,01.08.24,25.8,23.5,NA,Australia,2,13,0.5
E_2_13_2,150.89605,0.3631364509929532,0.6368635490070468,50.42,0.168992434,2.550485956,04.02.26,"NBS22, IAEA603, USGS24, USGS41, USGS40",TRUE,1,TRUE,E_2_13,Coarse sand,Ecklonia radiata,18.04.24,10.12561,01.08.24,25.8,23.5,NA,Australia,2,13,1.5
E_2_13_3,124.61105,0.36518909697834456,0.6348109030216554,50.181,0.164625561,0.4573608,04.02.26,"NBS22, IAEA603, USGS24, USGS41, USGS40",TRUE,1,TRUE,E_2_13,Coarse sand,Ecklonia radiata,18.04.24,10.12561,01.08.24,25.8,23.5,NA,Australia,2,13,2.5
E_2_13_4,120.83385,0.39628482972136214,0.6037151702786379,50.21,0.148726661,1.067859521,04.02.26,"NBS22, IAEA603, USGS24, USGS41, USGS40",TRUE,1,TRUE,E_2_13,Coarse sand,Ecklonia radiata,18.04.24,10.12561,01.08.24,25.8,23.5,NA,Australia,2,13,3.5
E_2_13_5,130.04265,0.46739763839901854,0.5326023616009814,50.39,0.117350554,0.695742636,04.02.26,"NBS22, IAEA603, USGS24, USGS41, USGS40",TRUE,1,TRUE,E_2_13,Coarse sand,Ecklonia radiata,18.04.24,10.12561,01.08.24,25.8,23.5,NA,Australia,2,13,4.5
E_2_13_6,143.33495,0.4938539577680782,0.5061460422319217,50.739,0.093350115,4.023182251,04.02.26,"NBS22, IAEA603, USGS24, USGS41, USGS40",TRUE,1,TRUE,E_2_13,Coarse sand,Ecklonia radiata,18.04.24,10.12561,01.08.24,25.8,23.5,NA,Australia,2,13,5.5
E_2_13_7,122.88725,0.5046532943208653,0.49534670567913475,50.393,0.101150562,6.465066172,04.02.26,"NBS22, IAEA603, USGS24, USGS41, USGS40",TRUE,1,TRUE,E_2_13,Coarse sand,Ecklonia radiata,18.04.24,10.12561,01.08.24,25.8,23.5,NA,Australia,2,13,6.5
E_2_13_8,152.88475,0.49695262720472777,0.5030473727952722,50.953,0.117203317,5.406154218,04.02.26,"NBS22, IAEA603, USGS24, USGS41, USGS40",TRUE,1,TRUE,E_2_13,Coarse sand,Ecklonia radiata,18.04.24,10.12561,01.08.24,25.8,23.5,NA,Australia,2,13,7.5
E_2_13_9,133.58455,0.48831204407333406,0.5116879559266659,50.083,0.10948895,9.049219349,04.02.26,"NBS22, IAEA603, USGS24, USGS41, USGS40",TRUE,1,TRUE,E_2_13,Coarse sand,Ecklonia radiata,18.04.24,10.12561,01.08.24,25.8,23.5,NA,Australia,2,13,8.5
E_2_13_10,139.84435,0.45747009657079446,0.5425299034292055,50.063,0.113729838,7.882721282,04.02.26,"NBS22, IAEA603, USGS24, USGS41, USGS40",TRUE,1,TRUE,E_2_13,Coarse sand,Ecklonia radiata,18.04.24,10.12561,01.08.24,25.8,23.5,NA,Australia,2,13,9.5
E_2_7_1,127.5997,0.4422740076824586,0.5577259923175414,30.426,0.530737564,433.6124682,13.01.26,"NBS22, IAEA603, USGS24, USGS41, USGS40",TRUE,1,TRUE,E_2_7,Coarse sand,Ecklonia radiata,18.04.24,10.13676,18.06.24,23,25.4,NA,Australia,2,7,0.5
E_2_7_2,127.37255,0.462881137622521,0.537118862377479,50.77,0.110129702,18.48060885,04.02.26,"NBS22, IAEA603, USGS24, USGS41, USGS40",TRUE,1,TRUE,E_2_7,Coarse sand,Ecklonia radiata,18.04.24,10.13676,18.06.24,23,25.4,NA,Australia,2,7,1.5
E_2_7_3,96.23368,0.47127633744300884,0.5287236625569911,50.963,0.15851354,2.902530377,13.01.26,"NBS22, IAEA603, USGS24, USGS41, USGS40",TRUE,1,TRUE,E_2_7,Coarse sand,Ecklonia radiata,18.04.24,10.13676,18.06.24,23,25.4,NA,Australia,2,7,2.5
E_2_7_4,101.52956,0.48473796397495234,0.5152620360250477,50.683,0.101443232,0.933400092,13.01.26,"NBS22, IAEA603, USGS24, USGS41, USGS40",TRUE,1,TRUE,E_2_7,Coarse sand,Ecklonia radiata,18.04.24,10.13676,18.06.24,23,25.4,NA,Australia,2,7,3.5
E_2_7_5,122.2451,0.4875411121517714,0.5124588878482286,50.288,0.116742815,-0.176171836,13.01.26,"NBS22, IAEA603, USGS24, USGS41, USGS40",TRUE,1,TRUE,E_2_7,Coarse sand,Ecklonia radiata,18.04.24,10.13676,18.06.24,23,25.4,NA,Australia,2,7,4.5
E_2_7_6,132.0354,0.4761351403016304,0.5238648596983696,50.051,0.102424273,-0.417107467,13.01.26,"NBS22, IAEA603, USGS24, USGS41, USGS40",TRUE,1,TRUE,E_2_7,Coarse sand,Ecklonia radiata,18.04.24,10.13676,18.06.24,23,25.4,NA,Australia,2,7,5.5
E_2_7_7,116.89812,0.46848376342758447,0.5315162365724155,50.885,0.138764698,-1.226359639,13.01.26,"NBS22, IAEA603, USGS24, USGS41, USGS40",TRUE,1,TRUE,E_2_7,Coarse sand,Ecklonia radiata,18.04.24,10.13676,18.06.24,23,25.4,NA,Australia,2,7,6.5
E_2_7_8,125.84245,0.4691435472901671,0.530856452709833,50.531,0.130165188,0.490666453,13.01.26,"NBS22, IAEA603, USGS24, USGS41, USGS40",TRUE,1,TRUE,E_2_7,Coarse sand,Ecklonia radiata,18.04.24,10.13676,18.06.24,23,25.4,NA,Australia,2,7,7.5
E_2_7_9,133.47115,0.47297211053672883,0.5270278894632712,50.776,0.108423916,1.271691886,13.01.26,"NBS22, IAEA603, USGS24, USGS41, USGS40",TRUE,1,TRUE,E_2_7,Coarse sand,Ecklonia radiata,18.04.24,10.13676,18.06.24,23,25.4,NA,Australia,2,7,8.5
E_2_7_10,125.11735,0.46202994541018505,0.537970054589815,50.153,0.099669813,3.356029105,13.01.26,"NBS22, IAEA603, USGS24, USGS41, USGS40",TRUE,1,TRUE,E_2_7,Coarse sand,Ecklonia radiata,18.04.24,10.13676,18.06.24,23,25.4,NA,Australia,2,7,9.5
L_1_1_1,57.96388,0.8733358534251591,0.12666414657484093,6.000666666666667,3.136121926,-25.187140793333334,26.09.25,"NBS22, IAEA603, USGS24, USGS41, USGS40",TRUE,3,TRUE,L_1_1,Silt,Control,NA,0,15.10.24,NA,NA,NA,United Kingdom,1,1,0.5
L_1_1_2,56.97556,0.8769782449690278,0.12302175503097224,5.373,3.00355925,-25.76688025,02.11.25,"NBS22, IAEA603, USGS24, USGS41, USGS40",TRUE,1,TRUE,L_1_1,Silt,Control,NA,0,15.10.24,NA,NA,NA,United Kingdom,1,1,1.5
L_1_1_3,61.34992,0.8773079142940444,0.12269208570595558,5.423,2.933712402,-25.53910224,02.11.25,"NBS22, IAEA603, USGS24, USGS41, USGS40",TRUE,1,TRUE,L_1_1,Silt,Control,NA,0,15.10.24,NA,NA,NA,United Kingdom,1,1,2.5
L_1_1_4,67.3875,0.8906504667358132,0.10934953326418684,5.338,3.199226311,-25.69839783,02.11.25,"NBS22, IAEA603, USGS24, USGS41, USGS40",TRUE,1,TRUE,L_1_1,Silt,Control,NA,0,15.10.24,NA,NA,NA,United Kingdom,1,1,3.5
L_1_1_5,63.97302,0.8861256138216173,0.11387438617838275,5.105,3.056848644,-25.06995132,02.11.25,"NBS22, IAEA603, USGS24, USGS41, USGS40",TRUE,1,TRUE,L_1_1,Silt,Control,NA,0,15.10.24,NA,NA,NA,United Kingdom,1,1,4.5
L_1_1_6,70.38422,0.8927660805670921,0.10723391943290794,5.37,3.23951342,-25.83339816,02.11.25,"NBS22, IAEA603, USGS24, USGS41, USGS40",TRUE,1,TRUE,L_1_1,Silt,Control,NA,0,15.10.24,NA,NA,NA,United Kingdom,1,1,5.5
L_1_1_7,69.9315,0.8878383745982841,0.11216162540171593,5.368,3.423015888,-25.93580457,02.11.25,"NBS22, IAEA603, USGS24, USGS41, USGS40",TRUE,1,TRUE,L_1_1,Silt,Control,NA,0,15.10.24,NA,NA,NA,United Kingdom,1,1,6.5
L_1_1_8,68.04666,0.8942679348062118,0.1057320651937882,5.488,2.923622979,-25.73698944,02.11.25,"NBS22, IAEA603, USGS24, USGS41, USGS40",TRUE,1,TRUE,L_1_1,Silt,Control,NA,0,15.10.24,NA,NA,NA,United Kingdom,1,1,7.5
L_1_1_9,68.21742,0.8655929287536336,0.13440707124636642,6.2363333333333335,3.051322832,-24.874001556666666,26.09.25,"NBS22, IAEA603, USGS24, USGS41, USGS40",TRUE,3,TRUE,L_1_1,Silt,Control,NA,0,15.10.24,NA,NA,NA,United Kingdom,1,1,8.5
L_1_1_10,63.22758,0.8904428330481242,0.10955716695187578,5.483,3.11603501,-25.87960257,02.11.25,"NBS22, IAEA603, USGS24, USGS41, USGS40",TRUE,1,TRUE,L_1_1,Silt,Control,NA,0,15.10.24,NA,NA,NA,United Kingdom,1,1,9.5
L_1_2_1,62.61308,0.8681781357365452,0.13182186426345477,5.483,2.747876978,-25.51173842,02.11.25,"NBS22, IAEA603, USGS24, USGS41, USGS40",TRUE,1,TRUE,L_1_2,Silt,Control,NA,0,15.10.24,NA,NA,NA,United Kingdom,1,2,0.5
L_1_2_2,55.91822,0.8793644067796609,0.12063559322033912,5.384,2.837034139,-25.6734407,02.11.25,"NBS22, IAEA603, USGS24, USGS41, USGS40",TRUE,1,TRUE,L_1_2,Silt,Control,NA,0,15.10.24,NA,NA,NA,United Kingdom,1,2,1.5
L_1_2_3,61.56986,0.8858102434928629,0.11418975650713714,5.124,3.162496796,-25.81089112,02.11.25,"NBS22, IAEA603, USGS24, USGS41, USGS40",TRUE,1,TRUE,L_1_2,Silt,Control,NA,0,15.10.24,NA,NA,NA,United Kingdom,1,2,2.5
L_1_2_4,63.66646,0.8918000914251326,0.10819990857486739,5.023,3.636524641,-26.05427029,02.11.25,"NBS22, IAEA603, USGS24, USGS41, USGS40",TRUE,1,TRUE,L_1_2,Silt,Control,NA,0,15.10.24,NA,NA,NA,United Kingdom,1,2,3.5
L_1_2_5,66.24766,0.8879675031246993,0.1120324968753007,5.303,3.423656349,-25.74857537,02.11.25,"NBS22, IAEA603, USGS24, USGS41, USGS40",TRUE,1,TRUE,L_1_2,Silt,Control,NA,0,15.10.24,NA,NA,NA,United Kingdom,1,2,4.5
L_1_2_6,67.19498,0.8894989155082323,0.11050108449176765,5.378,3.208525649,-25.93048264,02.11.25,"NBS22, IAEA603, USGS24, USGS41, USGS40",TRUE,1,TRUE,L_1_2,Silt,Control,NA,0,15.10.24,NA,NA,NA,United Kingdom,1,2,5.5
L_1_2_7,73.26938,0.8981172983169601,0.10188270168303992,5.426,3.175790769,-25.79761263,02.11.25,"NBS22, IAEA603, USGS24, USGS41, USGS40",TRUE,1,TRUE,L_1_2,Silt,Control,NA,0,15.10.24,NA,NA,NA,United Kingdom,1,2,6.5
L_1_2_8,68.65572,0.890332548474086,0.10966745152591395,5.365,3.689541377,-26.90418909,02.11.25,"NBS22, IAEA603, USGS24, USGS41, USGS40",TRUE,1,TRUE,L_1_2,Silt,Control,NA,0,15.10.24,NA,NA,NA,United Kingdom,1,2,7.5
L_1_2_9,68.77556,0.892391317177965,0.10760868282203495,5.439,3.27236589,-26.14770576,02.11.25,"NBS22, IAEA603, USGS24, USGS41, USGS40",TRUE,1,TRUE,L_1_2,Silt,Control,NA,0,15.10.24,NA,NA,NA,United Kingdom,1,2,8.5
L_1_2_10,61.53942,0.8951099920487682,0.10489000795123182,5.098,3.024979641,-25.76069182,02.11.25,"NBS22, IAEA603, USGS24, USGS41, USGS40",TRUE,1,TRUE,L_1_2,Silt,Control,NA,0,15.10.24,NA,NA,NA,United Kingdom,1,2,9.5
L_2_1_1,51.70226,0.8377529008106048,0.16224709918939517,3.903,4.1501916615,-25.586316105,26.09.25,"NBS22, IAEA603, USGS24, USGS41, USGS40",TRUE,2,TRUE,L_2_1,Silt,Control,NA,0,15.10.24,NA,NA,NA,United Kingdom,2,1,0.5
L_2_1_2,54.01659,0.8815054904493869,0.11849450955061314,NA,NA,NA,NA,NA,NA,NA,NA,L_2_1,Silt,Control,NA,0,15.10.24,NA,NA,NA,United Kingdom,2,1,1.5
L_2_1_3,59.20735,0.8820538774759026,0.11794612252409742,5.151,3.662415171,-25.98388882,02.11.25,"NBS22, IAEA603, USGS24, USGS41, USGS40",TRUE,1,TRUE,L_2_1,Silt,Control,NA,0,15.10.24,NA,NA,NA,United Kingdom,2,1,2.5
L_2_1_4,64.09822,0.88527490022222,0.11472509977778,5.079,3.376882218,-25.64198196,02.11.25,"NBS22, IAEA603, USGS24, USGS41, USGS40",TRUE,1,TRUE,L_2_1,Silt,Control,NA,0,15.10.24,NA,NA,NA,United Kingdom,2,1,3.5
L_2_1_5,61.63694,0.8846407342388127,0.11535926576118727,5.393,3.476747211,-25.9225673,02.11.25,"NBS22, IAEA603, USGS24, USGS41, USGS40",TRUE,1,TRUE,L_2_1,Silt,Control,NA,0,15.10.24,NA,NA,NA,United Kingdom,2,1,4.5
L_2_1_6,62.79376,0.8834468743209911,0.11655312567900888,5.188,3.554279972,-26.39652538,02.11.25,"NBS22, IAEA603, USGS24, USGS41, USGS40",TRUE,1,TRUE,L_2_1,Silt,Control,NA,0,15.10.24,NA,NA,NA,United Kingdom,2,1,5.5
L_2_1_7,67.31106,0.8885997632395974,0.11140023676040256,5.37,3.167274943,-25.69876074,02.11.25,"NBS22, IAEA603, USGS24, USGS41, USGS40",TRUE,1,TRUE,L_2_1,Silt,Control,NA,0,15.10.24,NA,NA,NA,United Kingdom,2,1,6.5
L_2_1_8,66.25424,0.9007812857993863,0.09921871420061368,5.123,3.108999992,-25.78788414,02.11.25,"NBS22, IAEA603, USGS24, USGS41, USGS40",TRUE,1,TRUE,L_2_1,Silt,Control,NA,0,15.10.24,NA,NA,NA,United Kingdom,2,1,7.5
L_2_1_9,73.30236,0.8919980701633465,0.10800192983665347,5.495,3.262295283,-25.7057522,02.11.25,"NBS22, IAEA603, USGS24, USGS41, USGS40",TRUE,1,TRUE,L_2_1,Silt,Control,NA,0,15.10.24,NA,NA,NA,United Kingdom,2,1,8.5
L_2_1_10,82.6594,0.8906789857712142,0.10932101422878582,5.2,2.914885034,-25.48759465,02.11.25,"NBS22, IAEA603, USGS24, USGS41, USGS40",TRUE,1,TRUE,L_2_1,Silt,Control,NA,0,15.10.24,NA,NA,NA,United Kingdom,2,1,9.5
L_2_1_11,75.46506,0.9053437660033105,0.09465623399668954,6.181,2.848093269,-25.549847873333334,26.09.25,"NBS22, IAEA603, USGS24, USGS41, USGS40",TRUE,3,TRUE,L_2_1,Silt,Control,NA,0,15.10.24,NA,NA,NA,United Kingdom,2,1,10.5
L_2_2_1,70.28022,0.8737518769797349,0.1262481230202651,5.182,2.88624368,-25.70877821,02.11.25,"NBS22, IAEA603, USGS24, USGS41, USGS40",TRUE,1,TRUE,L_2_2,Silt,Control,NA,0,15.10.24,NA,NA,NA,United Kingdom,2,2,0.5
L_2_2_2,57.26952,0.8821727541898488,0.11782724581015125,5.113,3.471460467,-25.63212242,02.11.25,"NBS22, IAEA603, USGS24, USGS41, USGS40",TRUE,1,TRUE,L_2_2,Silt,Control,NA,0,15.10.24,NA,NA,NA,United Kingdom,2,2,1.5
L_2_2_3,62.82778,0.8816923838962707,0.11830761610372931,5.194,3.353380152,-25.84497791,13.01.26,"NBS22, IAEA603, USGS24, USGS41, USGS40",TRUE,1,TRUE,L_2_2,Silt,Control,NA,0,15.10.24,NA,NA,NA,United Kingdom,2,2,2.5
L_2_2_4,60.40556,0.8895831452219711,0.11041685477802887,5.047,3.239937797,-25.73822287,02.11.25,"NBS22, IAEA603, USGS24, USGS41, USGS40",TRUE,1,TRUE,L_2_2,Silt,Control,NA,0,15.10.24,NA,NA,NA,United Kingdom,2,2,3.5
L_2_2_5,62.55196,0.8919081075928426,0.10809189240715744,5.007,3.569558972,-25.89021878,02.11.25,"NBS22, IAEA603, USGS24, USGS41, USGS40",TRUE,1,TRUE,L_2_2,Silt,Control,NA,0,15.10.24,NA,NA,NA,United Kingdom,2,2,4.5
L_2_2_6,72.06934,0.8863451119528218,0.11365488804717816,5.38,3.367309254,-25.98037816,02.11.25,"NBS22, IAEA603, USGS24, USGS41, USGS40",TRUE,1,TRUE,L_2_2,Silt,Control,NA,0,15.10.24,NA,NA,NA,United Kingdom,2,2,5.5
L_2_2_7,68.16484,0.879025333371243,0.120974666628757,5.433,3.14925398,-25.88635691,13.01.26,"NBS22, IAEA603, USGS24, USGS41, USGS40",TRUE,1,TRUE,L_2_2,Silt,Control,NA,0,15.10.24,NA,NA,NA,United Kingdom,2,2,6.5
L_2_2_8,63.71604,0.8885969006990423,0.11140309930095771,5.247,2.933330951,-25.76116725,02.11.25,"NBS22, IAEA603, USGS24, USGS41, USGS40",TRUE,1,TRUE,L_2_2,Silt,Control,NA,0,15.10.24,NA,NA,NA,United Kingdom,2,2,7.5
L_2_2_9,74.80716,0.8953843819104185,0.10461561808958153,5.169,3.428848307,-26.14372875,02.11.25,"NBS22, IAEA603, USGS24, USGS41, USGS40",TRUE,1,TRUE,L_2_2,Silt,Control,NA,0,15.10.24,NA,NA,NA,United Kingdom,2,2,8.5
L_2_2_10,80.28912,0.9107971098326688,0.08920289016733118,5.388,3.459203622,-25.49807559,02.11.25,"NBS22, IAEA603, USGS24, USGS41, USGS40",TRUE,1,TRUE,L_2_2,Silt,Control,NA,0,15.10.24,NA,NA,NA,United Kingdom,2,2,9.5
L_2_3_1,73.15416,0.8913937496878173,0.10860625031218274,5.17,3.196410685,-25.55701286,02.11.25,"NBS22, IAEA603, USGS24, USGS41, USGS40",TRUE,1,TRUE,L_2_3,Silt,Control,NA,0,15.10.24,NA,NA,NA,United Kingdom,2,3,0.5
L_2_3_2,61.3278,0.8768827766863132,0.1231172233136868,5.147,3.271747144,-25.99698772,02.11.25,"NBS22, IAEA603, USGS24, USGS41, USGS40",TRUE,1,TRUE,L_2_3,Silt,Control,NA,0,15.10.24,NA,NA,NA,United Kingdom,2,3,1.5
L_2_3_3,62.4738,0.8866204841355194,0.11337951586448058,5.202,3.429498701,-25.69206003,13.01.26,"NBS22, IAEA603, USGS24, USGS41, USGS40",TRUE,1,TRUE,L_2_3,Silt,Control,NA,0,15.10.24,NA,NA,NA,United Kingdom,2,3,2.5
L_2_3_4,64.68016,0.8894041948692238,0.11059580513077616,5.104,3.640246206,-25.87154347,02.11.25,"NBS22, IAEA603, USGS24, USGS41, USGS40",TRUE,1,TRUE,L_2_3,Silt,Control,NA,0,15.10.24,NA,NA,NA,United Kingdom,2,3,3.5
L_2_3_5,72.88166,0.8925601461292567,0.10743985387074328,5.337,3.197593761,-25.59051515,02.11.25,"NBS22, IAEA603, USGS24, USGS41, USGS40",TRUE,1,TRUE,L_2_3,Silt,Control,NA,0,15.10.24,NA,NA,NA,United Kingdom,2,3,4.5
L_2_3_6,69.5305,0.8936844643350718,0.10631553566492824,5.054,2.887080943,-25.57313829,02.11.25,"NBS22, IAEA603, USGS24, USGS41, USGS40",TRUE,1,TRUE,L_2_3,Silt,Control,NA,0,15.10.24,NA,NA,NA,United Kingdom,2,3,5.5
L_2_3_7,73.45784,0.8986406552155616,0.10135934478443842,5.301,3.049180031,-25.76019132,13.01.26,"NBS22, IAEA603, USGS24, USGS41, USGS40",TRUE,1,TRUE,L_2_3,Silt,Control,NA,0,15.10.24,NA,NA,NA,United Kingdom,2,3,6.5
L_2_3_8,70.63314,0.9020451793014433,0.09795482069855665,5.109,2.849872512,-25.70449585,02.11.25,"NBS22, IAEA603, USGS24, USGS41, USGS40",TRUE,1,TRUE,L_2_3,Silt,Control,NA,0,15.10.24,NA,NA,NA,United Kingdom,2,3,7.5
L_2_3_9,68.35714,0.9028560944284753,0.09714390557152475,5.379,2.80953497,-25.69664807,02.11.25,"NBS22, IAEA603, USGS24, USGS41, USGS40",TRUE,1,TRUE,L_2_3,Silt,Control,NA,0,15.10.24,NA,NA,NA,United Kingdom,2,3,8.5
L_2_3_10,27.37006,0.890740097959813,0.10925990204018698,5.252,2.965482426,-25.8028635,02.11.25,"NBS22, IAEA603, USGS24, USGS41, USGS40",TRUE,1,TRUE,L_2_3,Silt,Control,NA,0,15.10.24,NA,NA,NA,United Kingdom,2,3,9.5
L_2_7_1,75.8025,0.8815987006950641,0.11840129930493593,4.223,3.6694229634999997,-25.455235605,26.09.25,"NBS22, IAEA603, USGS24, USGS41, USGS40",TRUE,2,TRUE,L_2_7,Silt,Control,NA,0,15.10.24,NA,NA,NA,United Kingdom,2,7,0.5
L_2_7_2,67.42328,0.8927941273123452,0.1072058726876548,5.374,3.766646838,-26.10071307,02.11.25,"NBS22, IAEA603, USGS24, USGS41, USGS40",TRUE,1,TRUE,L_2_7,Silt,Control,NA,0,15.10.24,NA,NA,NA,United Kingdom,2,7,1.5
L_2_7_3,73.63286,0.902738406620745,0.097261593379255,5.327,2.732014338,-25.77261264,02.11.25,"NBS22, IAEA603, USGS24, USGS41, USGS40",TRUE,1,TRUE,L_2_7,Silt,Control,NA,0,15.10.24,NA,NA,NA,United Kingdom,2,7,2.5
L_2_7_4,70.9567,0.8912539885932516,0.10874601140674844,5.408,2.798266971,-25.56894099,02.11.25,"NBS22, IAEA603, USGS24, USGS41, USGS40",TRUE,1,TRUE,L_2_7,Silt,Control,NA,0,15.10.24,NA,NA,NA,United Kingdom,2,7,3.5
L_2_7_5,77.64912,0.8925605945222024,0.10743940547779762,5.403,2.838107756,-25.5159895,02.11.25,"NBS22, IAEA603, USGS24, USGS41, USGS40",TRUE,1,TRUE,L_2_7,Silt,Control,NA,0,15.10.24,NA,NA,NA,United Kingdom,2,7,4.5
L_2_7_6,82.01376,0.8950694622649586,0.10493053773504135,5.374,2.80572758,-25.63579029,02.11.25,"NBS22, IAEA603, USGS24, USGS41, USGS40",TRUE,1,TRUE,L_2_7,Silt,Control,NA,0,15.10.24,NA,NA,NA,United Kingdom,2,7,5.5
L_2_7_7,85.64332,0.9002530324768487,0.09974696752315126,5.459,3.026506156,-25.6873317,02.11.25,"NBS22, IAEA603, USGS24, USGS41, USGS40",TRUE,1,TRUE,L_2_7,Silt,Control,NA,0,15.10.24,NA,NA,NA,United Kingdom,2,7,6.5
L_2_7_8,79.348,0.9006889367180666,0.0993110632819334,5.237,2.431543947,-25.54950193,02.11.25,"NBS22, IAEA603, USGS24, USGS41, USGS40",TRUE,1,TRUE,L_2_7,Silt,Control,NA,0,15.10.24,NA,NA,NA,United Kingdom,2,7,7.5
L_2_7_9,84.04348,0.9058505720035532,0.09414942799644677,5.082,2.632630969,-25.67895938,02.11.25,"NBS22, IAEA603, USGS24, USGS41, USGS40",TRUE,1,TRUE,L_2_7,Silt,Control,NA,0,15.10.24,NA,NA,NA,United Kingdom,2,7,8.5
L_2_7_10,82.65434,0.9016996604462435,0.0983003395537565,5.245,2.970958385,-25.77686976,02.11.25,"NBS22, IAEA603, USGS24, USGS41, USGS40",TRUE,1,TRUE,L_2_7,Silt,Control,NA,0,15.10.24,NA,NA,NA,United Kingdom,2,7,9.5
L_2_7_11,63.38612,0.8815991243612881,0.11840087563871193,6.066333333333333,2.8295375746666664,-25.772989616666667,26.09.25,"NBS22, IAEA603, USGS24, USGS41, USGS40",TRUE,3,TRUE,L_2_7,Silt,Control,NA,0,15.10.24,NA,NA,NA,United Kingdom,2,7,10.5
L_1_11_1,49.03987,0.793963878326997,0.206036121673003,5.18,6.144178493,133.3931477,02.11.25,"NBS22, IAEA603, USGS24, USGS41, USGS40",TRUE,1,TRUE,L_1_11,Silt,Laminaria hyperborea,15.10.24,15.067,12.11.24,NA,NA,NA,United Kingdom,1,11,0.5
L_1_11_2,53.87652,0.8741024925319066,0.12589750746809336,5.029,3.367199871,-19.68417641,02.11.25,"NBS22, IAEA603, USGS24, USGS41, USGS40",TRUE,1,TRUE,L_1_11,Silt,Laminaria hyperborea,15.10.24,15.067,12.11.24,NA,NA,NA,United Kingdom,1,11,1.5
L_1_11_3,60.5019,0.8823788750696118,0.11762112493038823,5.01,3.412651654,-21.83085778,02.11.25,"NBS22, IAEA603, USGS24, USGS41, USGS40",TRUE,1,TRUE,L_1_11,Silt,Laminaria hyperborea,15.10.24,15.067,12.11.24,NA,NA,NA,United Kingdom,1,11,2.5
L_1_11_4,61.70484,0.890492990437285,0.10950700956271497,5.13,3.296531293,-22.25503586,02.11.25,"NBS22, IAEA603, USGS24, USGS41, USGS40",TRUE,1,TRUE,L_1_11,Silt,Laminaria hyperborea,15.10.24,15.067,12.11.24,NA,NA,NA,United Kingdom,1,11,3.5
L_1_11_5,65.4767,0.8904456119867673,0.1095543880132327,5.25,3.694103769,-23.33033093,02.11.25,"NBS22, IAEA603, USGS24, USGS41, USGS40",TRUE,1,TRUE,L_1_11,Silt,Laminaria hyperborea,15.10.24,15.067,12.11.24,NA,NA,NA,United Kingdom,1,11,4.5
L_1_11_6,67.33694,0.894192994996426,0.10580700500357398,5.347,3.701419692,-24.0999962,02.11.25,"NBS22, IAEA603, USGS24, USGS41, USGS40",TRUE,1,TRUE,L_1_11,Silt,Laminaria hyperborea,15.10.24,15.067,12.11.24,NA,NA,NA,United Kingdom,1,11,5.5
L_1_11_7,69.20764,0.8906261266674677,0.10937387333253235,5.196,3.337016352,-24.39819466,02.11.25,"NBS22, IAEA603, USGS24, USGS41, USGS40",TRUE,1,TRUE,L_1_11,Silt,Laminaria hyperborea,15.10.24,15.067,12.11.24,NA,NA,NA,United Kingdom,1,11,6.5
L_1_11_8,72.97274,0.8923141143304801,0.10768588566951987,5.172,3.179295777,-24.45587207,02.11.25,"NBS22, IAEA603, USGS24, USGS41, USGS40",TRUE,1,TRUE,L_1_11,Silt,Laminaria hyperborea,15.10.24,15.067,12.11.24,NA,NA,NA,United Kingdom,1,11,7.5
L_1_11_9,74.64758,0.8837994680881358,0.11620053191186419,5.055,3.002039611,-24.95222358,02.11.25,"NBS22, IAEA603, USGS24, USGS41, USGS40",TRUE,1,TRUE,L_1_11,Silt,Laminaria hyperborea,15.10.24,15.067,12.11.24,NA,NA,NA,United Kingdom,1,11,8.5
L_1_11_10,59.91557,0.8981295127636592,0.10187048723634085,5.223,3.288827399,-23.40534711,02.11.25,"NBS22, IAEA603, USGS24, USGS41, USGS40",TRUE,1,TRUE,L_1_11,Silt,Laminaria hyperborea,15.10.24,15.067,12.11.24,NA,NA,NA,United Kingdom,1,11,9.5
L_1_3_1,58.69574,0.839424447710721,0.160575552289279,4.2425,3.5947205275,-15.816878435,26.09.25,"NBS22, IAEA603, USGS24, USGS41, USGS40",TRUE,2,TRUE,L_1_3,Silt,Laminaria hyperborea,15.10.24,1.063,22.10.24,NA,NA,burrowing crab,United Kingdom,1,3,0.5
L_1_3_2,49.53036,0.8647713468170495,0.13522865318295052,5.278,3.875845018,-21.5947073,02.11.25,"NBS22, IAEA603, USGS24, USGS41, USGS40",TRUE,1,TRUE,L_1_3,Silt,Laminaria hyperborea,15.10.24,1.063,22.10.24,NA,NA,burrowing crab,United Kingdom,1,3,1.5
L_1_3_3,54.82466,0.877671125280107,0.12232887471989295,5.218,3.638327441,-24.84352246,02.11.25,"NBS22, IAEA603, USGS24, USGS41, USGS40",TRUE,1,TRUE,L_1_3,Silt,Laminaria hyperborea,15.10.24,1.063,22.10.24,NA,NA,burrowing crab,United Kingdom,1,3,2.5
L_1_3_4,60.50292,0.8834857763669804,0.11651422363301955,5.449,3.664427909,-26.21934792,02.11.25,"NBS22, IAEA603, USGS24, USGS41, USGS40",TRUE,1,TRUE,L_1_3,Silt,Laminaria hyperborea,15.10.24,1.063,22.10.24,NA,NA,burrowing crab,United Kingdom,1,3,3.5
L_1_3_5,62.83822,0.8832916888079869,0.11670831119201308,5.261,3.421969337,-25.71187296,02.11.25,"NBS22, IAEA603, USGS24, USGS41, USGS40",TRUE,1,TRUE,L_1_3,Silt,Laminaria hyperborea,15.10.24,1.063,22.10.24,NA,NA,burrowing crab,United Kingdom,1,3,4.5
L_1_3_6,67.02712,0.8871558330091573,0.11284416699084265,5.026,3.89217428,-25.931676,02.11.25,"NBS22, IAEA603, USGS24, USGS41, USGS40",TRUE,1,TRUE,L_1_3,Silt,Laminaria hyperborea,15.10.24,1.063,22.10.24,NA,NA,burrowing crab,United Kingdom,1,3,5.5
L_1_3_7,67.58156,0.8941398421383617,0.10586015786163827,5.419,2.874244528,-25.79484413,02.11.25,"NBS22, IAEA603, USGS24, USGS41, USGS40",TRUE,1,TRUE,L_1_3,Silt,Laminaria hyperborea,15.10.24,1.063,22.10.24,NA,NA,burrowing crab,United Kingdom,1,3,6.5
L_1_3_8,70.71342,0.8954129733730416,0.1045870266269584,5.346,2.953653809,-25.86520273,02.11.25,"NBS22, IAEA603, USGS24, USGS41, USGS40",TRUE,1,TRUE,L_1_3,Silt,Laminaria hyperborea,15.10.24,1.063,22.10.24,NA,NA,burrowing crab,United Kingdom,1,3,7.5
L_1_3_9,71.01768,0.8914593491594599,0.1085406508405401,5.489,3.074535032,-25.87056104,02.11.25,"NBS22, IAEA603, USGS24, USGS41, USGS40",TRUE,1,TRUE,L_1_3,Silt,Laminaria hyperborea,15.10.24,1.063,22.10.24,NA,NA,burrowing crab,United Kingdom,1,3,8.5
L_1_3_10,58.78916,0.8883254537135886,0.11167454628641138,6.094666666666667,2.93103087,-25.839509763333332,26.09.25,"NBS22, IAEA603, USGS24, USGS41, USGS40",TRUE,3,TRUE,L_1_3,Silt,Laminaria hyperborea,15.10.24,1.063,22.10.24,NA,NA,burrowing crab,United Kingdom,1,3,9.5
L_1_5_1,27.71619,0.6329338626871833,0.3670661373128167,2.666,8.966017014,204.667364,13.01.26,"NBS22, IAEA603, USGS24, USGS41, USGS40",TRUE,1,TRUE,L_1_5,Silt,Laminaria hyperborea,15.10.24,15.07,29.10.24,NA,NA,NA,United Kingdom,1,5,0.5
L_1_5_2,49.14559,0.8576281382141158,0.14237186178588424,5.143,3.48666168,-15.83887839,02.11.25,"NBS22, IAEA603, USGS24, USGS41, USGS40",TRUE,1,TRUE,L_1_5,Silt,Laminaria hyperborea,15.10.24,15.07,29.10.24,NA,NA,NA,United Kingdom,1,5,1.5
L_1_5_3,56.65553,0.8735652694839753,0.12643473051602472,5.436,4.079036719,-20.42055564,02.11.25,"NBS22, IAEA603, USGS24, USGS41, USGS40",TRUE,1,TRUE,L_1_5,Silt,Laminaria hyperborea,15.10.24,15.07,29.10.24,NA,NA,NA,United Kingdom,1,5,2.5
L_1_5_4,59.19046,0.8788657922756745,0.12113420772432548,5.368,3.227620004,-21.52253556,02.11.25,"NBS22, IAEA603, USGS24, USGS41, USGS40",TRUE,1,TRUE,L_1_5,Silt,Laminaria hyperborea,15.10.24,15.07,29.10.24,NA,NA,NA,United Kingdom,1,5,3.5
L_1_5_5,65.81774,0.8822291778350367,0.11777082216496326,5.424,3.05716153,-21.8634178,02.11.25,"NBS22, IAEA603, USGS24, USGS41, USGS40",TRUE,1,TRUE,L_1_5,Silt,Laminaria hyperborea,15.10.24,15.07,29.10.24,NA,NA,NA,United Kingdom,1,5,4.5
L_1_5_6,64.83954,0.883404436036523,0.11659556396347703,5.297,3.177317769,-22.85573228,02.11.25,"NBS22, IAEA603, USGS24, USGS41, USGS40",TRUE,1,TRUE,L_1_5,Silt,Laminaria hyperborea,15.10.24,15.07,29.10.24,NA,NA,NA,United Kingdom,1,5,5.5
L_1_5_7,65.2313,0.8885543919193798,0.1114456080806202,5.261,2.862742677,-23.14853087,02.11.25,"NBS22, IAEA603, USGS24, USGS41, USGS40",TRUE,1,TRUE,L_1_5,Silt,Laminaria hyperborea,15.10.24,15.07,29.10.24,NA,NA,NA,United Kingdom,1,5,6.5
L_1_5_8,67.21892,0.8887312751993877,0.11126872480061234,5.252,2.947593601,-23.85034087,02.11.25,"NBS22, IAEA603, USGS24, USGS41, USGS40",TRUE,1,TRUE,L_1_5,Silt,Laminaria hyperborea,15.10.24,15.07,29.10.24,NA,NA,NA,United Kingdom,1,5,7.5
L_1_5_9,75.12572,0.885472565819847,0.11452743418015299,5.476,2.82193618,-24.04285688,02.11.25,"NBS22, IAEA603, USGS24, USGS41, USGS40",TRUE,1,TRUE,L_1_5,Silt,Laminaria hyperborea,15.10.24,15.07,29.10.24,NA,NA,NA,United Kingdom,1,5,8.5
L_1_5_10,78.50186,0.8887904692831751,0.11120953071682493,5.182,2.8940495,-23.53170208,02.11.25,"NBS22, IAEA603, USGS24, USGS41, USGS40",TRUE,1,TRUE,L_1_5,Silt,Laminaria hyperborea,15.10.24,15.07,29.10.24,NA,NA,NA,United Kingdom,1,5,9.5
L_1_5_11,76.10968,0.8897659055005034,0.11023409449949662,5.1,2.606841353,-23.71412653,02.11.25,"NBS22, IAEA603, USGS24, USGS41, USGS40",TRUE,1,TRUE,L_1_5,Silt,Laminaria hyperborea,15.10.24,15.07,29.10.24,NA,NA,NA,United Kingdom,1,5,10.5
L_1_7_1,61.65874,0.8562252990289729,0.14377470097102707,5.438,3.575963975,-18.04753044,13.01.26,"NBS22, IAEA603, USGS24, USGS41, USGS40",TRUE,1,TRUE,L_1_7,Silt,Laminaria hyperborea,15.10.24,1.076,05.11.24,NA,NA,NA,United Kingdom,1,7,0.5
L_1_7_2,58.26032,0.8820105642095348,0.11798943579046517,5.044,3.215608977,-22.87087536,02.11.25,"NBS22, IAEA603, USGS24, USGS41, USGS40",TRUE,1,TRUE,L_1_7,Silt,Laminaria hyperborea,15.10.24,1.076,05.11.24,NA,NA,NA,United Kingdom,1,7,1.5
L_1_7_3,62.3269,0.8854408031050284,0.11455919689497163,5.415,3.148124415,-24.04968978,02.11.25,"NBS22, IAEA603, USGS24, USGS41, USGS40",TRUE,1,TRUE,L_1_7,Silt,Laminaria hyperborea,15.10.24,1.076,05.11.24,NA,NA,NA,United Kingdom,1,7,2.5
L_1_7_4,65.28072,0.8934916721645432,0.10650832783545683,5.269,2.962280395,-24.5217171,02.11.25,"NBS22, IAEA603, USGS24, USGS41, USGS40",TRUE,1,TRUE,L_1_7,Silt,Laminaria hyperborea,15.10.24,1.076,05.11.24,NA,NA,NA,United Kingdom,1,7,3.5
L_1_7_5,66.50722,0.8960121965801738,0.10398780341982616,5.482,2.935517224,-24.81603001,02.11.25,"NBS22, IAEA603, USGS24, USGS41, USGS40",TRUE,1,TRUE,L_1_7,Silt,Laminaria hyperborea,15.10.24,1.076,05.11.24,NA,NA,NA,United Kingdom,1,7,4.5
L_1_7_6,69.06236,0.8982138059134825,0.10178619408651746,5.258,2.805546689,-25.61538295,02.11.25,"NBS22, IAEA603, USGS24, USGS41, USGS40",TRUE,1,TRUE,L_1_7,Silt,Laminaria hyperborea,15.10.24,1.076,05.11.24,NA,NA,NA,United Kingdom,1,7,5.5
L_1_7_7,78.16796,0.9012354888874863,0.09876451111251372,5.027,2.734650951,-30.0999891,02.11.25,"NBS22, IAEA603, USGS24, USGS41, USGS40",TRUE,1,TRUE,L_1_7,Silt,Laminaria hyperborea,15.10.24,1.076,05.11.24,NA,NA,NA,United Kingdom,1,7,6.5
L_1_7_8,68.4461,0.9029944819712684,0.09700551802873159,5.361,2.555034898,-30.6815451,02.11.25,"NBS22, IAEA603, USGS24, USGS41, USGS40",TRUE,1,TRUE,L_1_7,Silt,Laminaria hyperborea,15.10.24,1.076,05.11.24,NA,NA,NA,United Kingdom,1,7,7.5
L_1_7_9,85.38034,0.9040970896612719,0.09590291033872811,5.333,3.189277971,-25.89294099,13.01.26,"NBS22, IAEA603, USGS24, USGS41, USGS40",TRUE,1,TRUE,L_1_7,Silt,Laminaria hyperborea,15.10.24,1.076,05.11.24,NA,NA,NA,United Kingdom,1,7,8.5
L_1_7_10,56.96068,0.9003462484179067,0.09965375158209333,5.15,2.626753564,-25.82976658,02.11.25,"NBS22, IAEA603, USGS24, USGS41, USGS40",TRUE,1,TRUE,L_1_7,Silt,Laminaria hyperborea,15.10.24,1.076,05.11.24,NA,NA,NA,United Kingdom,1,7,9.5
L_1_9_1,40.09464,0.8312802802248197,0.1687197197751803,5.17,4.584499802,61.03420431,02.11.25,"NBS22, IAEA603, USGS24, USGS41, USGS40",TRUE,1,TRUE,L_1_9,Silt,Laminaria hyperborea,15.10.24,7.543,05.11.24,NA,NA,NA,United Kingdom,1,9,0.5
L_1_9_2,52.41195,0.8769852226210348,0.12301477737896516,5.402,3.511910804,-7.332079448,02.11.25,"NBS22, IAEA603, USGS24, USGS41, USGS40",TRUE,1,TRUE,L_1_9,Silt,Laminaria hyperborea,15.10.24,7.543,05.11.24,NA,NA,NA,United Kingdom,1,9,1.5
L_1_9_3,60.17258,0.8839873083625174,0.11601269163748262,5.4,2.867109951,-17.36305534,02.11.25,"NBS22, IAEA603, USGS24, USGS41, USGS40",TRUE,1,TRUE,L_1_9,Silt,Laminaria hyperborea,15.10.24,7.543,05.11.24,NA,NA,NA,United Kingdom,1,9,2.5
L_1_9_4,61.66484,0.8856799939989498,0.11432000600105019,5.126,3.145529935,-21.66312493,02.11.25,"NBS22, IAEA603, USGS24, USGS41, USGS40",TRUE,1,TRUE,L_1_9,Silt,Laminaria hyperborea,15.10.24,7.543,05.11.24,NA,NA,NA,United Kingdom,1,9,3.5
L_1_9_5,65.14926,0.8890620405763006,0.11093795942369944,5.127,3.412336344,-23.10826721,02.11.25,"NBS22, IAEA603, USGS24, USGS41, USGS40",TRUE,1,TRUE,L_1_9,Silt,Laminaria hyperborea,15.10.24,7.543,05.11.24,NA,NA,NA,United Kingdom,1,9,4.5
L_1_9_6,71.01828,0.893776731882439,0.106223268117561,5.121,3.258468831,-24.42317536,02.11.25,"NBS22, IAEA603, USGS24, USGS41, USGS40",TRUE,1,TRUE,L_1_9,Silt,Laminaria hyperborea,15.10.24,7.543,05.11.24,NA,NA,NA,United Kingdom,1,9,5.5
L_1_9_7,63.45886,0.8963043680947279,0.10369563190527209,5.237,3.22532079,-23.73226777,02.11.25,"NBS22, IAEA603, USGS24, USGS41, USGS40",TRUE,1,TRUE,L_1_9,Silt,Laminaria hyperborea,15.10.24,7.543,05.11.24,NA,NA,NA,United Kingdom,1,9,6.5
L_1_9_8,68.77622,0.9013703846703095,0.0986296153296905,5.151,3.007038535,-25.01848566,02.11.25,"NBS22, IAEA603, USGS24, USGS41, USGS40",TRUE,1,TRUE,L_1_9,Silt,Laminaria hyperborea,15.10.24,7.543,05.11.24,NA,NA,NA,United Kingdom,1,9,7.5
L_1_9_9,69.5416,0.9039506576905499,0.09604934230945006,5.319,2.766515411,-25.19207665,02.11.25,"NBS22, IAEA603, USGS24, USGS41, USGS40",TRUE,1,TRUE,L_1_9,Silt,Laminaria hyperborea,15.10.24,7.543,05.11.24,NA,NA,NA,United Kingdom,1,9,8.5
L_1_9_10,81.56428,0.902192794459359,0.09780720554064104,5.162,3.004805044,-25.50864202,02.11.25,"NBS22, IAEA603, USGS24, USGS41, USGS40",TRUE,1,TRUE,L_1_9,Silt,Laminaria hyperborea,15.10.24,7.543,05.11.24,NA,NA,NA,United Kingdom,1,9,9.5
L_1_9_11,81.45494,0.8977656527076794,0.10223434729232062,5.312,2.676790848,-25.0795085,02.11.25,"NBS22, IAEA603, USGS24, USGS41, USGS40",TRUE,1,TRUE,L_1_9,Silt,Laminaria hyperborea,15.10.24,7.543,05.11.24,NA,NA,NA,United Kingdom,1,9,10.5
L_2_11_1,69.49652,0.8649996109671356,0.13500038903286438,5.473,3.645118229,-15.15884716,02.11.25,"NBS22, IAEA603, USGS24, USGS41, USGS40",TRUE,1,TRUE,L_2_11,Silt,Laminaria hyperborea,15.10.24,1.091,29.10.24,NA,NA,NA,United Kingdom,2,11,0.5
L_2_11_2,68.09428,0.883282385395816,0.11671761460418395,5.327,2.548488574,-23.65389051,02.11.25,"NBS22, IAEA603, USGS24, USGS41, USGS40",TRUE,1,TRUE,L_2_11,Silt,Laminaria hyperborea,15.10.24,1.091,29.10.24,NA,NA,NA,United Kingdom,2,11,1.5
L_2_11_3,73.42424,0.8887330528284245,0.11126694717157548,5.053,2.571286712,-24.4928701,02.11.25,"NBS22, IAEA603, USGS24, USGS41, USGS40",TRUE,1,TRUE,L_2_11,Silt,Laminaria hyperborea,15.10.24,1.091,29.10.24,NA,NA,NA,United Kingdom,2,11,2.5
L_2_11_4,71.28904,0.8926391554128784,0.10736084458712158,5.304,2.933274859,-24.86752147,02.11.25,"NBS22, IAEA603, USGS24, USGS41, USGS40",TRUE,1,TRUE,L_2_11,Silt,Laminaria hyperborea,15.10.24,1.091,29.10.24,NA,NA,NA,United Kingdom,2,11,3.5
L_2_11_5,86.85338,0.9100221586431929,0.08997784135680709,5.26,2.592796642,-25.24818528,02.11.25,"NBS22, IAEA603, USGS24, USGS41, USGS40",TRUE,1,TRUE,L_2_11,Silt,Laminaria hyperborea,15.10.24,1.091,29.10.24,NA,NA,NA,United Kingdom,2,11,4.5
L_2_11_6,71.05544,0.8912184031627641,0.10878159683723587,5.357,2.613831341,-25.38413727,02.11.25,"NBS22, IAEA603, USGS24, USGS41, USGS40",TRUE,1,TRUE,L_2_11,Silt,Laminaria hyperborea,15.10.24,1.091,29.10.24,NA,NA,NA,United Kingdom,2,11,5.5
L_2_11_7,73.40102,0.8973281626566948,0.1026718373433052,5.233,2.534726344,-25.24913613,02.11.25,"NBS22, IAEA603, USGS24, USGS41, USGS40",TRUE,1,TRUE,L_2_11,Silt,Laminaria hyperborea,15.10.24,1.091,29.10.24,NA,NA,NA,United Kingdom,2,11,6.5
L_2_11_8,87.053,0.9059351252149279,0.09406487478507208,5.097,3.222827628,-25.82681367,02.11.25,"NBS22, IAEA603, USGS24, USGS41, USGS40",TRUE,1,TRUE,L_2_11,Silt,Laminaria hyperborea,15.10.24,1.091,29.10.24,NA,NA,NA,United Kingdom,2,11,7.5
L_2_11_9,97.15518,0.9009169580696383,0.09908304193036166,5.127,3.097036596,-25.90923836,02.11.25,"NBS22, IAEA603, USGS24, USGS41, USGS40",TRUE,1,TRUE,L_2_11,Silt,Laminaria hyperborea,15.10.24,1.091,29.10.24,NA,NA,NA,United Kingdom,2,11,8.5
L_2_11_10,77.69522,0.8824635098195404,0.11753649018045964,5.116,2.631549423,-25.52043269,02.11.25,"NBS22, IAEA603, USGS24, USGS41, USGS40",TRUE,1,TRUE,L_2_11,Silt,Laminaria hyperborea,15.10.24,1.091,29.10.24,NA,NA,NA,United Kingdom,2,11,9.5
L_2_13_1,63.49656,0.8170154933405819,0.18298450665941812,5.289,5.72679227,102.6772476,02.11.25,"NBS22, IAEA603, USGS24, USGS41, USGS40",TRUE,1,TRUE,L_2_13,Silt,Laminaria hyperborea,15.10.24,15.097,05.11.24,NA,NA,NA,United Kingdom,2,13,0.5
L_2_13_1,63.49656,0.8170154933405819,0.18298450665941812,4.1055,5.411253868,109.62600855,26.09.25,"NBS22, IAEA603, USGS24, USGS41, USGS40",TRUE,2,FALSE,L_2_13,Silt,Laminaria hyperborea,15.10.24,15.097,05.11.24,NA,NA,NA,United Kingdom,2,13,0.5
L_2_13_2,61.69364,0.8662704911387478,0.13372950886125223,5.134,3.493933776,-21.01913898,02.11.25,"NBS22, IAEA603, USGS24, USGS41, USGS40",TRUE,1,TRUE,L_2_13,Silt,Laminaria hyperborea,15.10.24,15.097,05.11.24,NA,NA,NA,United Kingdom,2,13,1.5
L_2_13_2,61.69364,0.8662704911387478,0.13372950886125223,5.331,3.6022728,-18.70568214,02.11.25,"NBS22, IAEA603, USGS24, USGS41, USGS40",TRUE,1,FALSE,L_2_13,Silt,Laminaria hyperborea,15.10.24,15.097,05.11.24,NA,NA,NA,United Kingdom,2,13,1.5
L_2_13_3,61.0032,0.8814277071990317,0.11857229280096826,5.306,3.647445538,-21.77606753,02.11.25,"NBS22, IAEA603, USGS24, USGS41, USGS40",TRUE,1,TRUE,L_2_13,Silt,Laminaria hyperborea,15.10.24,15.097,05.11.24,NA,NA,NA,United Kingdom,2,13,2.5
L_2_13_3,61.0032,0.8814277071990317,0.11857229280096826,5.047,3.69996792,-19.80636582,02.11.25,"NBS22, IAEA603, USGS24, USGS41, USGS40",TRUE,1,FALSE,L_2_13,Silt,Laminaria hyperborea,15.10.24,15.097,05.11.24,NA,NA,NA,United Kingdom,2,13,2.5
L_2_13_4,64.53778,0.8664414697942454,0.1335585302057546,5.15,3.402502473,-22.39269357,02.11.25,"NBS22, IAEA603, USGS24, USGS41, USGS40",TRUE,1,TRUE,L_2_13,Silt,Laminaria hyperborea,15.10.24,15.097,05.11.24,NA,NA,NA,United Kingdom,2,13,3.5
L_2_13_4,64.53778,0.8664414697942454,0.1335585302057546,5.292,3.699444994,-19.894854080000002,02.11.25,"NBS22, IAEA603, USGS24, USGS41, USGS40",TRUE,1,FALSE,L_2_13,Silt,Laminaria hyperborea,15.10.24,15.097,05.11.24,NA,NA,NA,United Kingdom,2,13,3.5
L_2_13_5,59.73161,0.8853771100156459,0.1146228899843541,5.065,3.711982118,-23.36405453,02.11.25,"NBS22, IAEA603, USGS24, USGS41, USGS40",TRUE,1,TRUE,L_2_13,Silt,Laminaria hyperborea,15.10.24,15.097,05.11.24,NA,NA,NA,United Kingdom,2,13,4.5
L_2_13_5,59.73161,0.8853771100156459,0.1146228899843541,5.454,3.590778753,-21.45898108,02.11.25,"NBS22, IAEA603, USGS24, USGS41, USGS40",TRUE,1,FALSE,L_2_13,Silt,Laminaria hyperborea,15.10.24,15.097,05.11.24,NA,NA,NA,United Kingdom,2,13,4.5
L_2_13_6,68.17008,0.8831709605253665,0.11682903947463352,5.307,3.456764687,-24.0149322,02.11.25,"NBS22, IAEA603, USGS24, USGS41, USGS40",TRUE,1,TRUE,L_2_13,Silt,Laminaria hyperborea,15.10.24,15.097,05.11.24,NA,NA,NA,United Kingdom,2,13,5.5
L_2_13_6,68.17008,0.8831709605253665,0.11682903947463352,5.487,3.485888121,-22.55881526,02.11.25,"NBS22, IAEA603, USGS24, USGS41, USGS40",TRUE,1,FALSE,L_2_13,Silt,Laminaria hyperborea,15.10.24,15.097,05.11.24,NA,NA,NA,United Kingdom,2,13,5.5
L_2_13_7,67.39332,0.8939863523910496,0.10601364760895038,5.016,3.636116113,-24.68525851,02.11.25,"NBS22, IAEA603, USGS24, USGS41, USGS40",TRUE,1,TRUE,L_2_13,Silt,Laminaria hyperborea,15.10.24,15.097,05.11.24,NA,NA,NA,United Kingdom,2,13,6.5
L_2_13_7,67.39332,0.8939863523910496,0.10601364760895038,5.278,3.275829609,-22.72907033,02.11.25,"NBS22, IAEA603, USGS24, USGS41, USGS40",TRUE,1,FALSE,L_2_13,Silt,Laminaria hyperborea,15.10.24,15.097,05.11.24,NA,NA,NA,United Kingdom,2,13,6.5
L_2_13_8,66.78934,0.893266658405196,0.10673334159480397,5.338,3.282593887,-24.99420552,02.11.25,"NBS22, IAEA603, USGS24, USGS41, USGS40",TRUE,1,TRUE,L_2_13,Silt,Laminaria hyperborea,15.10.24,15.097,05.11.24,NA,NA,NA,United Kingdom,2,13,7.5
L_2_13_8,66.78934,0.893266658405196,0.10673334159480397,5.426,3.374969873,-23.34672668,02.11.25,"NBS22, IAEA603, USGS24, USGS41, USGS40",TRUE,1,FALSE,L_2_13,Silt,Laminaria hyperborea,15.10.24,15.097,05.11.24,NA,NA,NA,United Kingdom,2,13,7.5
L_2_13_9,96.1325,0.8956929511417167,0.10430704885828335,5.173,3.163301799,-25.05108298,02.11.25,"NBS22, IAEA603, USGS24, USGS41, USGS40",TRUE,1,TRUE,L_2_13,Silt,Laminaria hyperborea,15.10.24,15.097,05.11.24,NA,NA,NA,United Kingdom,2,13,8.5
L_2_13_9,96.1325,0.8956929511417167,0.10430704885828335,5.176,3.21070952,-23.22613463,02.11.25,"NBS22, IAEA603, USGS24, USGS41, USGS40",TRUE,1,FALSE,L_2_13,Silt,Laminaria hyperborea,15.10.24,15.097,05.11.24,NA,NA,NA,United Kingdom,2,13,8.5
L_2_13_10,36.14452,0.8895803671213578,0.1104196328786422,5.339,2.818386926,-24.64663137,02.11.25,"NBS22, IAEA603, USGS24, USGS41, USGS40",TRUE,1,TRUE,L_2_13,Silt,Laminaria hyperborea,15.10.24,15.097,05.11.24,NA,NA,NA,United Kingdom,2,13,9.5
L_2_13_10,36.14452,0.8895803671213578,0.1104196328786422,5.922666666666667,3.096767134333333,-22.915771786666667,26.09.25,"NBS22, IAEA603, USGS24, USGS41, USGS40",TRUE,3,FALSE,L_2_13,Silt,Laminaria hyperborea,15.10.24,15.097,05.11.24,NA,NA,NA,United Kingdom,2,13,9.5
L_2_15_1,73.77552,0.8700816798809863,0.12991832011901372,5.251,3.314297636,-20.92904637,02.11.25,"NBS22, IAEA603, USGS24, USGS41, USGS40",TRUE,1,TRUE,L_2_15,Silt,Laminaria hyperborea,15.10.24,1.06,12.11.24,NA,NA,NA,United Kingdom,2,15,0.5
L_2_15_2,59.9816,0.884570512625418,0.11542948737458203,5.191,3.137636245,-23.77453179,02.11.25,"NBS22, IAEA603, USGS24, USGS41, USGS40",TRUE,1,TRUE,L_2_15,Silt,Laminaria hyperborea,15.10.24,1.06,12.11.24,NA,NA,NA,United Kingdom,2,15,1.5
L_2_15_3,62.22112,0.8848648682009794,0.11513513179902057,5.097,3.213510775,-24.07477305,02.11.25,"NBS22, IAEA603, USGS24, USGS41, USGS40",TRUE,1,TRUE,L_2_15,Silt,Laminaria hyperborea,15.10.24,1.06,12.11.24,NA,NA,NA,United Kingdom,2,15,2.5
L_2_15_4,62.35774,0.887700439376193,0.11229956062380697,5.283,3.348473454,-24.4803912,02.11.25,"NBS22, IAEA603, USGS24, USGS41, USGS40",TRUE,1,TRUE,L_2_15,Silt,Laminaria hyperborea,15.10.24,1.06,12.11.24,NA,NA,NA,United Kingdom,2,15,3.5
L_2_15_5,61.25332,0.8858334863950044,0.11416651360499563,5.287,3.589413668,-25.05114465,02.11.25,"NBS22, IAEA603, USGS24, USGS41, USGS40",TRUE,1,TRUE,L_2_15,Silt,Laminaria hyperborea,15.10.24,1.06,12.11.24,NA,NA,NA,United Kingdom,2,15,4.5
L_2_15_6,62.70612,0.8721618652343741,0.1278381347656259,5.089,3.213222439,-25.17522828,02.11.25,"NBS22, IAEA603, USGS24, USGS41, USGS40",TRUE,1,TRUE,L_2_15,Silt,Laminaria hyperborea,15.10.24,1.06,12.11.24,NA,NA,NA,United Kingdom,2,15,5.5
L_2_15_7,65.22384,0.8819203576205733,0.1180796423794267,5.024,5.319673122,-24.81309869,02.11.25,"NBS22, IAEA603, USGS24, USGS41, USGS40",TRUE,1,TRUE,L_2_15,Silt,Laminaria hyperborea,15.10.24,1.06,12.11.24,NA,NA,NA,United Kingdom,2,15,6.5
L_2_15_8,74.90374,0.8822193272538996,0.11778067274610038,5.112,3.273742306,-24.99999317,02.11.25,"NBS22, IAEA603, USGS24, USGS41, USGS40",TRUE,1,TRUE,L_2_15,Silt,Laminaria hyperborea,15.10.24,1.06,12.11.24,NA,NA,NA,United Kingdom,2,15,7.5
L_2_15_9,56.58093,0.8918723004019817,0.10812769959801827,5.167,3.612846095,-25.94103231,02.11.25,"NBS22, IAEA603, USGS24, USGS41, USGS40",TRUE,1,TRUE,L_2_15,Silt,Laminaria hyperborea,15.10.24,1.06,12.11.24,NA,NA,NA,United Kingdom,2,15,8.5
L_2_15_10,53.3858,0.8807603799292023,0.11923962007079769,5.033,2.953533455,-25.45121139,02.11.25,"NBS22, IAEA603, USGS24, USGS41, USGS40",TRUE,1,TRUE,L_2_15,Silt,Laminaria hyperborea,15.10.24,1.06,12.11.24,NA,NA,NA,United Kingdom,2,15,9.5
L_2_17_1,33.70732,0.8220895060258188,0.17791049397418124,5.232,4.532135327,47.15221538,02.11.25,"NBS22, IAEA603, USGS24, USGS41, USGS40",TRUE,1,TRUE,L_2_17,Silt,Laminaria hyperborea,15.10.24,7.542,12.11.24,NA,NA,NA,United Kingdom,2,17,0.5
L_2_17_2,53.93853,0.872721820907728,0.12727817909227201,5.079,3.283388188,-9.818274088,02.11.25,"NBS22, IAEA603, USGS24, USGS41, USGS40",TRUE,1,TRUE,L_2_17,Silt,Laminaria hyperborea,15.10.24,7.542,12.11.24,NA,NA,NA,United Kingdom,2,17,1.5
L_2_17_3,60.56534,0.8801078856634417,0.11989211433655833,5.26,3.486997485,-16.54444487,02.11.25,"NBS22, IAEA603, USGS24, USGS41, USGS40",TRUE,1,TRUE,L_2_17,Silt,Laminaria hyperborea,15.10.24,7.542,12.11.24,NA,NA,NA,United Kingdom,2,17,2.5
L_2_17_4,66.55624,0.8807103432295784,0.11928965677042158,5.412,3.563428471,-18.79740731,02.11.25,"NBS22, IAEA603, USGS24, USGS41, USGS40",TRUE,1,TRUE,L_2_17,Silt,Laminaria hyperborea,15.10.24,7.542,12.11.24,NA,NA,NA,United Kingdom,2,17,3.5
L_2_17_5,60.8614,0.8832214280557356,0.11677857194426444,5.159,3.751201578,-22.89943233,02.11.25,"NBS22, IAEA603, USGS24, USGS41, USGS40",TRUE,1,TRUE,L_2_17,Silt,Laminaria hyperborea,15.10.24,7.542,12.11.24,NA,NA,NA,United Kingdom,2,17,4.5
L_2_17_6,69.28002,0.8918759037728408,0.10812409622715924,5.311,3.353933843,-24.01683746,02.11.25,"NBS22, IAEA603, USGS24, USGS41, USGS40",TRUE,1,TRUE,L_2_17,Silt,Laminaria hyperborea,15.10.24,7.542,12.11.24,NA,NA,NA,United Kingdom,2,17,5.5
L_2_17_7,64.33338,0.884651509077373,0.115348490922627,5.468,3.602661402,-26.724748430000002,02.11.25,"NBS22, IAEA603, USGS24, USGS41, USGS40",TRUE,1,TRUE,L_2_17,Silt,Laminaria hyperborea,15.10.24,7.542,12.11.24,NA,NA,NA,United Kingdom,2,17,6.5
L_2_17_8,57.85788,0.8876941736250402,0.11230582637495978,5.019,4.15554786,-29.52613712,02.11.25,"NBS22, IAEA603, USGS24, USGS41, USGS40",TRUE,1,TRUE,L_2_17,Silt,Laminaria hyperborea,15.10.24,7.542,12.11.24,NA,NA,NA,United Kingdom,2,17,7.5
L_2_17_9,89.52128,0.8925823263210068,0.10741767367899324,5.11,3.603610563,-27.72178226,02.11.25,"NBS22, IAEA603, USGS24, USGS41, USGS40",TRUE,1,TRUE,L_2_17,Silt,Laminaria hyperborea,15.10.24,7.542,12.11.24,NA,NA,NA,United Kingdom,2,17,8.5
L_2_17_10,77.1344,0.8841540030539167,0.11584599694608333,5.349,3.337953007,-23.43198285,02.11.25,"NBS22, IAEA603, USGS24, USGS41, USGS40",TRUE,1,TRUE,L_2_17,Silt,Laminaria hyperborea,15.10.24,7.542,12.11.24,NA,NA,NA,United Kingdom,2,17,9.5
L_2_4_1,46.35145,0.8154739672816911,0.18452603271830892,5.446,4.539624324,59.14407833,02.11.25,"NBS22, IAEA603, USGS24, USGS41, USGS40",TRUE,1,TRUE,L_2_4,Silt,Laminaria hyperborea,15.10.24,7.528,22.10.24,NA,NA,NA,United Kingdom,2,4,0.5
L_2_4_2,54.02693,0.8662174812770995,0.13378251872290048,5.101,3.563369998,-18.660816,02.11.25,"NBS22, IAEA603, USGS24, USGS41, USGS40",TRUE,1,TRUE,L_2_4,Silt,Laminaria hyperborea,15.10.24,7.528,22.10.24,NA,NA,NA,United Kingdom,2,4,1.5
L_2_4_3,59.19328,0.8778261932153478,0.12217380678465217,5.313,3.28760383,-22.53580595,02.11.25,"NBS22, IAEA603, USGS24, USGS41, USGS40",TRUE,1,TRUE,L_2_4,Silt,Laminaria hyperborea,15.10.24,7.528,22.10.24,NA,NA,NA,United Kingdom,2,4,2.5
L_2_4_4,64.788,0.8771150190114066,0.12288498098859335,5.089,3.116452262,-22.6848725,02.11.25,"NBS22, IAEA603, USGS24, USGS41, USGS40",TRUE,1,TRUE,L_2_4,Silt,Laminaria hyperborea,15.10.24,7.528,22.10.24,NA,NA,NA,United Kingdom,2,4,3.5
L_2_4_5,64.32042,0.8802896725440805,0.11971032745591947,5.468,3.172309762,-24.22111911,02.11.25,"NBS22, IAEA603, USGS24, USGS41, USGS40",TRUE,1,TRUE,L_2_4,Silt,Laminaria hyperborea,15.10.24,7.528,22.10.24,NA,NA,NA,United Kingdom,2,4,4.5
L_2_4_6,68.31108,0.8843235786777014,0.1156764213222986,5.189,3.072715585,-24.47417632,02.11.25,"NBS22, IAEA603, USGS24, USGS41, USGS40",TRUE,1,TRUE,L_2_4,Silt,Laminaria hyperborea,15.10.24,7.528,22.10.24,NA,NA,NA,United Kingdom,2,4,5.5
L_2_4_7,66.26552,0.8834620115377283,0.1165379884622717,5.044,3.112415248,-29.73385486,02.11.25,"NBS22, IAEA603, USGS24, USGS41, USGS40",TRUE,1,TRUE,L_2_4,Silt,Laminaria hyperborea,15.10.24,7.528,22.10.24,NA,NA,NA,United Kingdom,2,4,6.5
L_2_4_8,73.16278,0.8896195178623294,0.1103804821376706,5.306,3.267259221,-31.78151666,02.11.25,"NBS22, IAEA603, USGS24, USGS41, USGS40",TRUE,1,TRUE,L_2_4,Silt,Laminaria hyperborea,15.10.24,7.528,22.10.24,NA,NA,NA,United Kingdom,2,4,7.5
L_2_4_9,84.4588,0.8896625694735222,0.11033743052647782,5.304,3.126265156,-25.85099555,02.11.25,"NBS22, IAEA603, USGS24, USGS41, USGS40",TRUE,1,TRUE,L_2_4,Silt,Laminaria hyperborea,15.10.24,7.528,22.10.24,NA,NA,NA,United Kingdom,2,4,8.5
L_2_4_10,70.98796,0.889999330488925,0.11000066951107501,5.337,3.112157157,-25.85335337,02.11.25,"NBS22, IAEA603, USGS24, USGS41, USGS40",TRUE,1,TRUE,L_2_4,Silt,Laminaria hyperborea,15.10.24,7.528,22.10.24,NA,NA,NA,United Kingdom,2,4,9.5
L_2_4_11,86.41586,0.8926906500131935,0.10730934998680652,5.027,3.201832676,-25.6685729,02.11.25,"NBS22, IAEA603, USGS24, USGS41, USGS40",TRUE,1,TRUE,L_2_4,Silt,Laminaria hyperborea,15.10.24,7.528,22.10.24,NA,NA,NA,United Kingdom,2,4,10.5
L_2_6_1,43.72105,0.7354715795743358,0.26452842042566416,2.388,8.591959684999999,162.8162678,26.09.25,"NBS22, IAEA603, USGS24, USGS41, USGS40",TRUE,2,TRUE,L_2_6,Silt,Laminaria hyperborea,15.10.24,14.992,22.10.24,NA,NA,NA,United Kingdom,2,6,0.5
L_2_6_2,52.18836,0.8658306535335377,0.13416934646646228,5.202,3.392124277,-18.86926075,02.11.25,"NBS22, IAEA603, USGS24, USGS41, USGS40",TRUE,1,TRUE,L_2_6,Silt,Laminaria hyperborea,15.10.24,14.992,22.10.24,NA,NA,NA,United Kingdom,2,6,1.5
L_2_6_3,58.62436,0.8780218649223526,0.12197813507764743,5.098,3.283510273,-20.24674016,02.11.25,"NBS22, IAEA603, USGS24, USGS41, USGS40",TRUE,1,TRUE,L_2_6,Silt,Laminaria hyperborea,15.10.24,14.992,22.10.24,NA,NA,NA,United Kingdom,2,6,2.5
L_2_6_4,64.66604,0.881207537419919,0.11879246258008103,5.484,3.485938722,-21.44912406,02.11.25,"NBS22, IAEA603, USGS24, USGS41, USGS40",TRUE,1,TRUE,L_2_6,Silt,Laminaria hyperborea,15.10.24,14.992,22.10.24,NA,NA,NA,United Kingdom,2,6,3.5
L_2_6_5,63.9711,0.8764584141766917,0.12354158582330832,5.256,3.172910813,-23.0223934,02.11.25,"NBS22, IAEA603, USGS24, USGS41, USGS40",TRUE,1,TRUE,L_2_6,Silt,Laminaria hyperborea,15.10.24,14.992,22.10.24,NA,NA,NA,United Kingdom,2,6,4.5
L_2_6_6,70.5618,0.8859689717484236,0.1140310282515764,5.317,3.15434322,-23.5862203,02.11.25,"NBS22, IAEA603, USGS24, USGS41, USGS40",TRUE,1,TRUE,L_2_6,Silt,Laminaria hyperborea,15.10.24,14.992,22.10.24,NA,NA,NA,United Kingdom,2,6,5.5
L_2_6_7,66.72454,0.8922149868791919,0.10778501312080813,5.297,2.888407235,-24.17135116,02.11.25,"NBS22, IAEA603, USGS24, USGS41, USGS40",TRUE,1,TRUE,L_2_6,Silt,Laminaria hyperborea,15.10.24,14.992,22.10.24,NA,NA,NA,United Kingdom,2,6,6.5
L_2_6_8,75.25898,0.8938435370621974,0.10615646293780256,5.38,3.093973837,-24.7886641,02.11.25,"NBS22, IAEA603, USGS24, USGS41, USGS40",TRUE,1,TRUE,L_2_6,Silt,Laminaria hyperborea,15.10.24,14.992,22.10.24,NA,NA,NA,United Kingdom,2,6,7.5
L_2_6_9,76.69242,0.8910283220195397,0.10897167798046026,5.222,3.47878272,-24.58772429,02.11.25,"NBS22, IAEA603, USGS24, USGS41, USGS40",TRUE,1,TRUE,L_2_6,Silt,Laminaria hyperborea,15.10.24,14.992,22.10.24,NA,NA,NA,United Kingdom,2,6,8.5
L_2_6_10,64.70398,0.8896054162452276,0.1103945837547724,5.038,2.745534372,-24.84863334,02.11.25,"NBS22, IAEA603, USGS24, USGS41, USGS40",TRUE,1,TRUE,L_2_6,Silt,Laminaria hyperborea,15.10.24,14.992,22.10.24,NA,NA,NA,United Kingdom,2,6,9.5
L_2_6_11,28.5748,0.8709113411783194,0.12908865882168064,6.024333333333333,2.8070213059999998,-23.99318236,26.09.25,"NBS22, IAEA603, USGS24, USGS41, USGS40",TRUE,3,TRUE,L_2_6,Silt,Laminaria hyperborea,15.10.24,14.992,22.10.24,NA,NA,NA,United Kingdom,2,6,10.5
L_2_9_1,45.50293,0.8194730466384009,0.18052695336159907,5.308,5.157095129,76.25609511,02.11.25,"NBS22, IAEA603, USGS24, USGS41, USGS40",TRUE,1,TRUE,L_2_9,Silt,Laminaria hyperborea,15.10.24,7.487,29.10.24,NA,NA,NA,United Kingdom,2,9,0.5
L_2_9_2,52.7459,0.8646179972404149,0.13538200275958512,5.341,3.971011539,-10.03518038,02.11.25,"NBS22, IAEA603, USGS24, USGS41, USGS40",TRUE,1,TRUE,L_2_9,Silt,Laminaria hyperborea,15.10.24,7.487,29.10.24,NA,NA,NA,United Kingdom,2,9,1.5
L_2_9_3,61.3216,0.8821134906987648,0.11788650930123523,5.401,3.380931015,-18.5501274,02.11.25,"NBS22, IAEA603, USGS24, USGS41, USGS40",TRUE,1,TRUE,L_2_9,Silt,Laminaria hyperborea,15.10.24,7.487,29.10.24,NA,NA,NA,United Kingdom,2,9,2.5
L_2_9_4,61.43408,0.8728859239154554,0.12711407608454461,5.046,3.325160716,-21.91714203,02.11.25,"NBS22, IAEA603, USGS24, USGS41, USGS40",TRUE,1,TRUE,L_2_9,Silt,Laminaria hyperborea,15.10.24,7.487,29.10.24,NA,NA,NA,United Kingdom,2,9,3.5
L_2_9_5,64.85252,0.871919138584548,0.12808086141545205,5.091,3.312168814,-22.32766958,02.11.25,"NBS22, IAEA603, USGS24, USGS41, USGS40",TRUE,1,TRUE,L_2_9,Silt,Laminaria hyperborea,15.10.24,7.487,29.10.24,NA,NA,NA,United Kingdom,2,9,4.5
L_2_9_6,66.19634,0.8827478412381174,0.11725215876188255,5.009,3.364141135,-23.05141018,02.11.25,"NBS22, IAEA603, USGS24, USGS41, USGS40",TRUE,1,TRUE,L_2_9,Silt,Laminaria hyperborea,15.10.24,7.487,29.10.24,NA,NA,NA,United Kingdom,2,9,5.5
L_2_9_7,65.91062,0.8882572949104515,0.11174270508954853,5.315,3.418330831,-27.66952869,02.11.25,"NBS22, IAEA603, USGS24, USGS41, USGS40",TRUE,1,TRUE,L_2_9,Silt,Laminaria hyperborea,15.10.24,7.487,29.10.24,NA,NA,NA,United Kingdom,2,9,6.5
L_2_9_8,63.14676,0.8856602896200593,0.11433971037994073,5.141,3.184196071,-29.2494917,02.11.25,"NBS22, IAEA603, USGS24, USGS41, USGS40",TRUE,1,TRUE,L_2_9,Silt,Laminaria hyperborea,15.10.24,7.487,29.10.24,NA,NA,NA,United Kingdom,2,9,7.5
L_2_9_9,73.86896,0.8773970792687823,0.1226029207312177,5.166,3.245513846,-22.70395701,02.11.25,"NBS22, IAEA603, USGS24, USGS41, USGS40",TRUE,1,TRUE,L_2_9,Silt,Laminaria hyperborea,15.10.24,7.487,29.10.24,NA,NA,NA,United Kingdom,2,9,8.5
L_2_9_10,80.90736,0.8888123158403113,0.11118768415968872,5.252,2.96217049,-25.69897647,02.11.25,"NBS22, IAEA603, USGS24, USGS41, USGS40",TRUE,1,TRUE,L_2_9,Silt,Laminaria hyperborea,15.10.24,7.487,29.10.24,NA,NA,NA,United Kingdom,2,9,9.5
L_2_9_11,55.55327,0.8910051732117853,0.1089948267882147,5.466,2.80630181,-25.40499054,02.11.25,"NBS22, IAEA603, USGS24, USGS41, USGS40",TRUE,1,TRUE,L_2_9,Silt,Laminaria hyperborea,15.10.24,7.487,29.10.24,NA,NA,NA,United Kingdom,2,9,10.5
L_1_10_1,41.87858,0.8237052266299049,0.17629477337009514,5.03,4.549082723,140.3461209,02.11.25,"NBS22, IAEA603, USGS24, USGS41, USGS40",TRUE,1,TRUE,L_1_10,Silt,Laminaria ochroleuca,15.10.24,7.514,05.11.24,NA,NA,NA,United Kingdom,1,10,0.5
L_1_10_2,51.23535,0.8677932707802508,0.13220672921974919,5.258,3.5440205,6.384435319,02.11.25,"NBS22, IAEA603, USGS24, USGS41, USGS40",TRUE,1,TRUE,L_1_10,Silt,Laminaria ochroleuca,15.10.24,7.514,05.11.24,NA,NA,NA,United Kingdom,1,10,1.5
L_1_10_3,60.56768,0.8841461391263944,0.11585386087360561,5.42,4.264334714,-10.28369026,02.11.25,"NBS22, IAEA603, USGS24, USGS41, USGS40",TRUE,1,TRUE,L_1_10,Silt,Laminaria ochroleuca,15.10.24,7.514,05.11.24,NA,NA,NA,United Kingdom,1,10,2.5
L_1_10_4,63.84332,0.8916893335356808,0.1083106664643192,5.299,3.409794867,-12.13721564,02.11.25,"NBS22, IAEA603, USGS24, USGS41, USGS40",TRUE,1,TRUE,L_1_10,Silt,Laminaria ochroleuca,15.10.24,7.514,05.11.24,NA,NA,NA,United Kingdom,1,10,3.5
L_1_10_5,59.83588,0.8906130770350952,0.10938692296490482,5.363,3.284843596,-19.11930453,02.11.25,"NBS22, IAEA603, USGS24, USGS41, USGS40",TRUE,1,TRUE,L_1_10,Silt,Laminaria ochroleuca,15.10.24,7.514,05.11.24,NA,NA,NA,United Kingdom,1,10,4.5
L_1_10_6,72.60696,0.89221471400019,0.10778528599980997,5.345,3.058368077,-22.47396344,02.11.25,"NBS22, IAEA603, USGS24, USGS41, USGS40",TRUE,1,TRUE,L_1_10,Silt,Laminaria ochroleuca,15.10.24,7.514,05.11.24,NA,NA,NA,United Kingdom,1,10,5.5
L_1_10_7,62.24374,0.8905516193382567,0.10944838066174334,5.137,3.244035393,-23.80508918,02.11.25,"NBS22, IAEA603, USGS24, USGS41, USGS40",TRUE,1,TRUE,L_1_10,Silt,Laminaria ochroleuca,15.10.24,7.514,05.11.24,NA,NA,NA,United Kingdom,1,10,6.5
L_1_10_8,73.7828,0.8994416375483996,0.10055836245160044,5.009,3.22065218,-24.21933208,02.11.25,"NBS22, IAEA603, USGS24, USGS41, USGS40",TRUE,1,TRUE,L_1_10,Silt,Laminaria ochroleuca,15.10.24,7.514,05.11.24,NA,NA,NA,United Kingdom,1,10,7.5
L_1_10_9,74.96926,0.8997231791679843,0.10027682083201572,5.209,3.26534132,-25.45101926,02.11.25,"NBS22, IAEA603, USGS24, USGS41, USGS40",TRUE,1,TRUE,L_1_10,Silt,Laminaria ochroleuca,15.10.24,7.514,05.11.24,NA,NA,NA,United Kingdom,1,10,8.5
L_1_10_10,67.87188,0.8984507189744216,0.10154928102557836,5.005,3.174632704,-25.5897767,02.11.25,"NBS22, IAEA603, USGS24, USGS41, USGS40",TRUE,1,TRUE,L_1_10,Silt,Laminaria ochroleuca,15.10.24,7.514,05.11.24,NA,NA,NA,United Kingdom,1,10,9.5
L_1_10_11,57.44521,0.8994796259403198,0.10052037405968017,5.111,3.118959264,-25.72659977,02.11.25,"NBS22, IAEA603, USGS24, USGS41, USGS40",TRUE,1,TRUE,L_1_10,Silt,Laminaria ochroleuca,15.10.24,7.514,05.11.24,NA,NA,NA,United Kingdom,1,10,10.5
L_1_12_1,42.69645,0.7401584189890857,0.25984158101091426,4.047000000000001,5.891622077,336.42215335000003,26.09.25,"NBS22, IAEA603, USGS24, USGS41, USGS40",TRUE,2,TRUE,L_1_12,Silt,Laminaria ochroleuca,15.10.24,15.017,12.11.24,NA,NA,NA,United Kingdom,1,12,0.5
L_1_12_2,61.0889,0.875757575757576,0.12424242424242404,5.431,3.183387636,-15.88689837,02.11.25,"NBS22, IAEA603, USGS24, USGS41, USGS40",TRUE,1,TRUE,L_1_12,Silt,Laminaria ochroleuca,15.10.24,15.017,12.11.24,NA,NA,NA,United Kingdom,1,12,1.5
L_1_12_3,56.81472,0.9154920432544734,0.08450795674552658,5.251,3.274679982,-21.46730579,02.11.25,"NBS22, IAEA603, USGS24, USGS41, USGS40",TRUE,1,TRUE,L_1_12,Silt,Laminaria ochroleuca,15.10.24,15.017,12.11.24,NA,NA,NA,United Kingdom,1,12,2.5
L_1_12_4,59.7151,0.8876690083665757,0.1123309916334243,5.32,3.332829662,-20.34015214,02.11.25,"NBS22, IAEA603, USGS24, USGS41, USGS40",TRUE,1,TRUE,L_1_12,Silt,Laminaria ochroleuca,15.10.24,15.017,12.11.24,NA,NA,NA,United Kingdom,1,12,3.5
L_1_12_5,66.9314,0.8918676749937281,0.1081323250062719,5.06,3.412034245,-21.26204319,02.11.25,"NBS22, IAEA603, USGS24, USGS41, USGS40",TRUE,1,TRUE,L_1_12,Silt,Laminaria ochroleuca,15.10.24,15.017,12.11.24,NA,NA,NA,United Kingdom,1,12,4.5
L_1_12_6,63.07868,0.8908016189616509,0.10919838103834911,5.339,3.569219868,-22.03769691,02.11.25,"NBS22, IAEA603, USGS24, USGS41, USGS40",TRUE,1,TRUE,L_1_12,Silt,Laminaria ochroleuca,15.10.24,15.017,12.11.24,NA,NA,NA,United Kingdom,1,12,5.5
L_1_12_7,64.95238,0.891668881604205,0.10833111839579501,5.263,3.439835276,-24.1149199,02.11.25,"NBS22, IAEA603, USGS24, USGS41, USGS40",TRUE,1,TRUE,L_1_12,Silt,Laminaria ochroleuca,15.10.24,15.017,12.11.24,NA,NA,NA,United Kingdom,1,12,6.5
L_1_12_8,65.76344,0.8789511129179793,0.12104888708202066,5.307,3.250707229,-24.77120358,02.11.25,"NBS22, IAEA603, USGS24, USGS41, USGS40",TRUE,1,TRUE,L_1_12,Silt,Laminaria ochroleuca,15.10.24,15.017,12.11.24,NA,NA,NA,United Kingdom,1,12,7.5
L_1_12_9,74.98516,0.8993589875290194,0.10064101247098056,5.121,3.223825101,-25.33324912,02.11.25,"NBS22, IAEA603, USGS24, USGS41, USGS40",TRUE,1,TRUE,L_1_12,Silt,Laminaria ochroleuca,15.10.24,15.017,12.11.24,NA,NA,NA,United Kingdom,1,12,8.5
L_1_12_10,83.60514,0.8951074049924923,0.1048925950075077,5.214,3.003251942,-25.65419523,02.11.25,"NBS22, IAEA603, USGS24, USGS41, USGS40",TRUE,1,TRUE,L_1_12,Silt,Laminaria ochroleuca,15.10.24,15.017,12.11.24,NA,NA,NA,United Kingdom,1,12,9.5
L_1_12_11,47.50254,0.8964915843417396,0.10350841565826041,6.023666666666666,3.186022693,-25.22328853666667,26.09.25,"NBS22, IAEA603, USGS24, USGS41, USGS40",TRUE,3,TRUE,L_1_12,Silt,Laminaria ochroleuca,15.10.24,15.017,12.11.24,NA,NA,NA,United Kingdom,1,12,10.5
L_1_4_1,53.61411,0.8425798245405486,0.15742017545945142,5.329,3.975112784,-1.731999284,02.11.25,"NBS22, IAEA603, USGS24, USGS41, USGS40",TRUE,1,TRUE,L_1_4,Silt,Laminaria ochroleuca,15.10.24,1.053,22.10.24,NA,NA,NA,United Kingdom,1,4,0.5
L_1_4_2,51.58944,0.8748106006461016,0.1251893993538984,5.266,3.605002175,-13.55449836,02.11.25,"NBS22, IAEA603, USGS24, USGS41, USGS40",TRUE,1,TRUE,L_1_4,Silt,Laminaria ochroleuca,15.10.24,1.053,22.10.24,NA,NA,NA,United Kingdom,1,4,1.5
L_1_4_3,56.70544,0.8829614592133823,0.11703854078661768,5.063,2.790012238,-17.03726097,02.11.25,"NBS22, IAEA603, USGS24, USGS41, USGS40",TRUE,1,TRUE,L_1_4,Silt,Laminaria ochroleuca,15.10.24,1.053,22.10.24,NA,NA,NA,United Kingdom,1,4,2.5
L_1_4_4,66.21708,0.8848892495485409,0.11511075045145913,5.176,3.0719995,-21.28792488,02.11.25,"NBS22, IAEA603, USGS24, USGS41, USGS40",TRUE,1,TRUE,L_1_4,Silt,Laminaria ochroleuca,15.10.24,1.053,22.10.24,NA,NA,NA,United Kingdom,1,4,3.5
L_1_4_5,64.59918,0.8823404812041309,0.11765951879586911,5.347,2.805314392,-23.35717661,02.11.25,"NBS22, IAEA603, USGS24, USGS41, USGS40",TRUE,1,TRUE,L_1_4,Silt,Laminaria ochroleuca,15.10.24,1.053,22.10.24,NA,NA,NA,United Kingdom,1,4,4.5
L_1_4_6,65.86226,0.8869631669213988,0.11303683307860124,5.057,2.899405483,-24.19149865,02.11.25,"NBS22, IAEA603, USGS24, USGS41, USGS40",TRUE,1,TRUE,L_1_4,Silt,Laminaria ochroleuca,15.10.24,1.053,22.10.24,NA,NA,NA,United Kingdom,1,4,5.5
L_1_4_7,68.16602,0.8939202997275207,0.10607970027247926,5.145,2.82687857,-25.09592091,02.11.25,"NBS22, IAEA603, USGS24, USGS41, USGS40",TRUE,1,TRUE,L_1_4,Silt,Laminaria ochroleuca,15.10.24,1.053,22.10.24,NA,NA,NA,United Kingdom,1,4,6.5
L_1_4_8,77.56394,0.8940987084026504,0.10590129159734962,5.465,3.0074007,-25.4436261,02.11.25,"NBS22, IAEA603, USGS24, USGS41, USGS40",TRUE,1,TRUE,L_1_4,Silt,Laminaria ochroleuca,15.10.24,1.053,22.10.24,NA,NA,NA,United Kingdom,1,4,7.5
L_1_4_9,68.07918,0.8919992910112815,0.1080007089887185,5.387,2.617640214,-25.42466715,02.11.25,"NBS22, IAEA603, USGS24, USGS41, USGS40",TRUE,1,TRUE,L_1_4,Silt,Laminaria ochroleuca,15.10.24,1.053,22.10.24,NA,NA,NA,United Kingdom,1,4,8.5
L_1_4_10,74.04922,0.8850371725687287,0.11496282743127129,5.303,2.800834266,-25.10861821,02.11.25,"NBS22, IAEA603, USGS24, USGS41, USGS40",TRUE,1,TRUE,L_1_4,Silt,Laminaria ochroleuca,15.10.24,1.053,22.10.24,NA,NA,NA,United Kingdom,1,4,9.5
L_1_4_11,64.38812,0.8943424414709767,0.10565755852902325,5.494,2.557671659,-25.35558569,02.11.25,"NBS22, IAEA603, USGS24, USGS41, USGS40",TRUE,1,TRUE,L_1_4,Silt,Laminaria ochroleuca,15.10.24,1.053,22.10.24,NA,NA,NA,United Kingdom,1,4,10.5
L_1_6_1,46.96442,0.5628298300536676,0.4371701699463324,2.701,7.454881221,510.6057268,13.01.26,"NBS22, IAEA603, USGS24, USGS41, USGS40",TRUE,1,TRUE,L_1_6,Silt,Laminaria ochroleuca,15.10.24,15.003,29.10.24,NA,NA,NA,United Kingdom,1,6,0.5
L_1_6_2,50.00144,0.8566142517639236,0.14338574823607642,5.081,3.590104568,-5.785577692,02.11.25,"NBS22, IAEA603, USGS24, USGS41, USGS40",TRUE,1,TRUE,L_1_6,Silt,Laminaria ochroleuca,15.10.24,15.003,29.10.24,NA,NA,NA,United Kingdom,1,6,1.5
L_1_6_3,56.47866,0.8741377501508122,0.1258622498491878,5.472,3.092221272,-15.46292768,02.11.25,"NBS22, IAEA603, USGS24, USGS41, USGS40",TRUE,1,TRUE,L_1_6,Silt,Laminaria ochroleuca,15.10.24,15.003,29.10.24,NA,NA,NA,United Kingdom,1,6,2.5
L_1_6_4,62.65854,0.8808282401393563,0.11917175986064366,5.343,3.090950365,-18.2712765,02.11.25,"NBS22, IAEA603, USGS24, USGS41, USGS40",TRUE,1,TRUE,L_1_6,Silt,Laminaria ochroleuca,15.10.24,15.003,29.10.24,NA,NA,NA,United Kingdom,1,6,3.5
L_1_6_5,61.77704,0.8807657830708164,0.11923421692918357,5.259,2.65848407,-18.84348998,02.11.25,"NBS22, IAEA603, USGS24, USGS41, USGS40",TRUE,1,TRUE,L_1_6,Silt,Laminaria ochroleuca,15.10.24,15.003,29.10.24,NA,NA,NA,United Kingdom,1,6,4.5
L_1_6_6,61.95976,0.8807181918288892,0.11928180817111078,5.251,2.920021229,-20.58958229,02.11.25,"NBS22, IAEA603, USGS24, USGS41, USGS40",TRUE,1,TRUE,L_1_6,Silt,Laminaria ochroleuca,15.10.24,15.003,29.10.24,NA,NA,NA,United Kingdom,1,6,5.5
L_1_6_7,66.02772,0.8830604342764592,0.1169395657235408,5.116,3.453580349,-23.35810163,02.11.25,"NBS22, IAEA603, USGS24, USGS41, USGS40",TRUE,1,TRUE,L_1_6,Silt,Laminaria ochroleuca,15.10.24,15.003,29.10.24,NA,NA,NA,United Kingdom,1,6,6.5
L_1_6_8,65.84078,0.8845111369248259,0.11548886307517414,5.293,3.14897295,-23.91129384,02.11.25,"NBS22, IAEA603, USGS24, USGS41, USGS40",TRUE,1,TRUE,L_1_6,Silt,Laminaria ochroleuca,15.10.24,15.003,29.10.24,NA,NA,NA,United Kingdom,1,6,7.5
L_1_6_9,71.79266,0.8775846185848861,0.12241538141511388,5.136,3.238512822,-24.83158059,02.11.25,"NBS22, IAEA603, USGS24, USGS41, USGS40",TRUE,1,TRUE,L_1_6,Silt,Laminaria ochroleuca,15.10.24,15.003,29.10.24,NA,NA,NA,United Kingdom,1,6,8.5
L_1_6_10,68.56898,0.8920725439752842,0.10792745602471576,5.124,2.934650691,-25.15105436,02.11.25,"NBS22, IAEA603, USGS24, USGS41, USGS40",TRUE,1,TRUE,L_1_6,Silt,Laminaria ochroleuca,15.10.24,15.003,29.10.24,NA,NA,NA,United Kingdom,1,6,9.5
L_1_6_11,138.3963,0.893091226598806,0.10690877340119398,5.169,3.049657134,-25.05539683,02.11.25,"NBS22, IAEA603, USGS24, USGS41, USGS40",TRUE,1,TRUE,L_1_6,Silt,Laminaria ochroleuca,15.10.24,15.003,29.10.24,NA,NA,NA,United Kingdom,1,6,10.5
L_1_8_1,56.80707,0.850721677063193,0.14927832293680698,5.007,3.249826719,-9.873502779,02.11.25,"NBS22, IAEA603, USGS24, USGS41, USGS40",TRUE,1,TRUE,L_1_8,Silt,Laminaria ochroleuca,15.10.24,1.062,05.11.24,NA,NA,NA,United Kingdom,1,8,0.5
L_1_8_2,57.11437,0.8801178633886847,0.1198821366113153,5.285,3.090674536,-19.85754542,02.11.25,"NBS22, IAEA603, USGS24, USGS41, USGS40",TRUE,1,TRUE,L_1_8,Silt,Laminaria ochroleuca,15.10.24,1.062,05.11.24,NA,NA,NA,United Kingdom,1,8,1.5
L_1_8_3,59.60551,0.8860633531012192,0.1139366468987808,5.432,3.144075897,-22.14586934,02.11.25,"NBS22, IAEA603, USGS24, USGS41, USGS40",TRUE,1,TRUE,L_1_8,Silt,Laminaria ochroleuca,15.10.24,1.062,05.11.24,NA,NA,NA,United Kingdom,1,8,2.5
L_1_8_4,63.12442,0.8887112853729577,0.11128871462704226,5.088,3.158946015,-23.80338061,02.11.25,"NBS22, IAEA603, USGS24, USGS41, USGS40",TRUE,1,TRUE,L_1_8,Silt,Laminaria ochroleuca,15.10.24,1.062,05.11.24,NA,NA,NA,United Kingdom,1,8,3.5
L_1_8_5,63.9286,0.8903910149750422,0.10960898502495775,5.232,3.386566176,-24.28328616,02.11.25,"NBS22, IAEA603, USGS24, USGS41, USGS40",TRUE,1,TRUE,L_1_8,Silt,Laminaria ochroleuca,15.10.24,1.062,05.11.24,NA,NA,NA,United Kingdom,1,8,4.5
L_1_8_6,59.78785,0.8888854423861926,0.1111145576138074,5.191,3.264568333,-24.37790986,02.11.25,"NBS22, IAEA603, USGS24, USGS41, USGS40",TRUE,1,TRUE,L_1_8,Silt,Laminaria ochroleuca,15.10.24,1.062,05.11.24,NA,NA,NA,United Kingdom,1,8,5.5
L_1_8_7,64.79312,0.8922588293184817,0.10774117068151834,5.367,2.483162934,-24.74371587,02.11.25,"NBS22, IAEA603, USGS24, USGS41, USGS40",TRUE,1,TRUE,L_1_8,Silt,Laminaria ochroleuca,15.10.24,1.062,05.11.24,NA,NA,NA,United Kingdom,1,8,6.5
L_1_8_8,67.72198,0.8977212294496073,0.1022787705503927,5.382,2.88503617,-25.25753443,02.11.25,"NBS22, IAEA603, USGS24, USGS41, USGS40",TRUE,1,TRUE,L_1_8,Silt,Laminaria ochroleuca,15.10.24,1.062,05.11.24,NA,NA,NA,United Kingdom,1,8,7.5
L_1_8_9,78.6584,0.8987607789389523,0.10123922106104766,5.252,3.118242445,-25.65875036,02.11.25,"NBS22, IAEA603, USGS24, USGS41, USGS40",TRUE,1,TRUE,L_1_8,Silt,Laminaria ochroleuca,15.10.24,1.062,05.11.24,NA,NA,NA,United Kingdom,1,8,8.5
L_1_8_10,66.60814,0.8984567707828937,0.10154322921710635,5.333,2.846259793,-25.38386889,02.11.25,"NBS22, IAEA603, USGS24, USGS41, USGS40",TRUE,1,TRUE,L_1_8,Silt,Laminaria ochroleuca,15.10.24,1.062,05.11.24,NA,NA,NA,United Kingdom,1,8,9.5
L_2_10_1,36.90699,0.7630268771737957,0.2369731228262043,5.264,5.17115323,252.0963467,02.11.25,"NBS22, IAEA603, USGS24, USGS41, USGS40",TRUE,1,TRUE,L_2_10,Silt,Laminaria ochroleuca,15.10.24,7.509,29.10.24,NA,NA,NA,United Kingdom,2,10,0.5
L_2_10_2,60.13552,0.8699707312439519,0.13002926875604814,5.171,3.385264294,1.798059092,02.11.25,"NBS22, IAEA603, USGS24, USGS41, USGS40",TRUE,1,TRUE,L_2_10,Silt,Laminaria ochroleuca,15.10.24,7.509,29.10.24,NA,NA,NA,United Kingdom,2,10,1.5
L_2_10_3,64.13156,0.8795711576615197,0.12042884233848028,5.155,3.412794733,-14.27427927,02.11.25,"NBS22, IAEA603, USGS24, USGS41, USGS40",TRUE,1,TRUE,L_2_10,Silt,Laminaria ochroleuca,15.10.24,7.509,29.10.24,NA,NA,NA,United Kingdom,2,10,2.5
L_2_10_4,66.4422,0.8825016322545487,0.1174983677454513,5.317,3.280254714,-18.96862013,13.01.26,"NBS22, IAEA603, USGS24, USGS41, USGS40",TRUE,1,TRUE,L_2_10,Silt,Laminaria ochroleuca,15.10.24,7.509,29.10.24,NA,NA,NA,United Kingdom,2,10,3.5
L_2_10_5,67.0904,0.884367599182668,0.11563240081733195,5.076,3.030697366,-16.63439968,02.11.25,"NBS22, IAEA603, USGS24, USGS41, USGS40",TRUE,1,TRUE,L_2_10,Silt,Laminaria ochroleuca,15.10.24,7.509,29.10.24,NA,NA,NA,United Kingdom,2,10,4.5
L_2_10_6,76.16108,0.8907624982162394,0.10923750178376057,5.221,3.294072748,-21.39201553,02.11.25,"NBS22, IAEA603, USGS24, USGS41, USGS40",TRUE,1,TRUE,L_2_10,Silt,Laminaria ochroleuca,15.10.24,7.509,29.10.24,NA,NA,NA,United Kingdom,2,10,5.5
L_2_10_7,73.99836,0.8983882682160937,0.10161173178390626,5.204,3.254541639,-25.63703685,02.11.25,"NBS22, IAEA603, USGS24, USGS41, USGS40",TRUE,1,TRUE,L_2_10,Silt,Laminaria ochroleuca,15.10.24,7.509,29.10.24,NA,NA,NA,United Kingdom,2,10,6.5
L_2_10_8,79.13964,0.8947626697823867,0.10523733021761328,5.5,3.38035928,-27.72042687,02.11.25,"NBS22, IAEA603, USGS24, USGS41, USGS40",TRUE,1,TRUE,L_2_10,Silt,Laminaria ochroleuca,15.10.24,7.509,29.10.24,NA,NA,NA,United Kingdom,2,10,7.5
L_2_10_9,73.18546,0.8957979723840538,0.10420202761594621,5.25,2.951364677,-22.28580322,02.11.25,"NBS22, IAEA603, USGS24, USGS41, USGS40",TRUE,1,TRUE,L_2_10,Silt,Laminaria ochroleuca,15.10.24,7.509,29.10.24,NA,NA,NA,United Kingdom,2,10,8.5
L_2_10_10,76.78426,0.883886880355845,0.11611311964415505,5.221,2.787787052,-23.27604372,02.11.25,"NBS22, IAEA603, USGS24, USGS41, USGS40",TRUE,1,TRUE,L_2_10,Silt,Laminaria ochroleuca,15.10.24,7.509,29.10.24,NA,NA,NA,United Kingdom,2,10,9.5
L_2_10_11,57.70518,0.8906706677673406,0.10932933223265939,5.192,2.400654049,-20.49678809,02.11.25,"NBS22, IAEA603, USGS24, USGS41, USGS40",TRUE,1,TRUE,L_2_10,Silt,Laminaria ochroleuca,15.10.24,7.509,29.10.24,NA,NA,NA,United Kingdom,2,10,10.5
L_2_12_1,69.60928,0.8535362607573861,0.1464637392426139,5.137,2.757775863,-8.591105685,02.11.25,"NBS22, IAEA603, USGS24, USGS41, USGS40",TRUE,1,TRUE,L_2_12,Silt,Laminaria ochroleuca,15.10.24,1.044,29.10.24,NA,NA,NA,United Kingdom,2,12,0.5
L_2_12_2,64.66666,0.8426716971093094,0.15732830289069055,5.089,3.05455331,-20.57795986,02.11.25,"NBS22, IAEA603, USGS24, USGS41, USGS40",TRUE,1,TRUE,L_2_12,Silt,Laminaria ochroleuca,15.10.24,1.044,29.10.24,NA,NA,NA,United Kingdom,2,12,1.5
L_2_12_3,67.5552,0.8763884204915088,0.12361157950849122,5.447,2.664859039,-22.49296455,02.11.25,"NBS22, IAEA603, USGS24, USGS41, USGS40",TRUE,1,TRUE,L_2_12,Silt,Laminaria ochroleuca,15.10.24,1.044,29.10.24,NA,NA,NA,United Kingdom,2,12,2.5
L_2_12_4,67.43826,0.8558693320867827,0.14413066791321727,5.398,2.846445824,-23.58879462,02.11.25,"NBS22, IAEA603, USGS24, USGS41, USGS40",TRUE,1,TRUE,L_2_12,Silt,Laminaria ochroleuca,15.10.24,1.044,29.10.24,NA,NA,NA,United Kingdom,2,12,3.5
L_2_12_5,71.122559999999993,0.8918669735957687,0.10813302640423128,5.078,3.126138363,-23.66718747,02.11.25,"NBS22, IAEA603, USGS24, USGS41, USGS40",TRUE,1,TRUE,L_2_12,Silt,Laminaria ochroleuca,15.10.24,1.044,29.10.24,NA,NA,NA,United Kingdom,2,12,4.5
L_2_12_6,71.83706,0.8946910876994715,0.10530891230052852,5.318,3.040500952,-23.25609839,02.11.25,"NBS22, IAEA603, USGS24, USGS41, USGS40",TRUE,1,TRUE,L_2_12,Silt,Laminaria ochroleuca,15.10.24,1.044,29.10.24,NA,NA,NA,United Kingdom,2,12,5.5
L_2_12_7,70.83278,0.8915542588273967,0.1084457411726033,5.466,2.77791415,-24.56159173,02.11.25,"NBS22, IAEA603, USGS24, USGS41, USGS40",TRUE,1,TRUE,L_2_12,Silt,Laminaria ochroleuca,15.10.24,1.044,29.10.24,NA,NA,NA,United Kingdom,2,12,6.5
L_2_12_8,87.5111,0.8894769999515387,0.11052300004846127,5.084,2.629025267,-24.90525076,02.11.25,"NBS22, IAEA603, USGS24, USGS41, USGS40",TRUE,1,TRUE,L_2_12,Silt,Laminaria ochroleuca,15.10.24,1.044,29.10.24,NA,NA,NA,United Kingdom,2,12,7.5
L_2_12_9,62.71256,0.8855529709593785,0.11444702904062154,5.051,3.012522983,-24.74311513,02.11.25,"NBS22, IAEA603, USGS24, USGS41, USGS40",TRUE,1,TRUE,L_2_12,Silt,Laminaria ochroleuca,15.10.24,1.044,29.10.24,NA,NA,NA,United Kingdom,2,12,8.5
L_2_12_10,26.75933,0.8506841867381101,0.14931581326188992,5.133,2.348315528,-23.36174107,02.11.25,"NBS22, IAEA603, USGS24, USGS41, USGS40",TRUE,1,TRUE,L_2_12,Silt,Laminaria ochroleuca,15.10.24,1.044,29.10.24,NA,NA,NA,United Kingdom,2,12,9.5
L_2_14_1,53.92418,0.7547591169560258,0.24524088304397418,5.04,5.790853884,295.4713082,02.11.25,"NBS22, IAEA603, USGS24, USGS41, USGS40",TRUE,1,TRUE,L_2_14,Silt,Laminaria ochroleuca,15.10.24,14.998,05.11.24,NA,NA,NA,United Kingdom,2,14,0.5
L_2_14_1,53.92418,0.7547591169560258,0.24524088304397418,4.3885000000000005,5.0629269180000005,316.70726645,26.09.25,"NBS22, IAEA603, USGS24, USGS41, USGS40",TRUE,2,FALSE,L_2_14,Silt,Laminaria ochroleuca,15.10.24,14.998,05.11.24,NA,NA,NA,United Kingdom,2,14,0.5
L_2_14_2,54.72679,0.8721191090348435,0.12788089096515654,5.34,4.03150701,-11.5962123,02.11.25,"NBS22, IAEA603, USGS24, USGS41, USGS40",TRUE,1,TRUE,L_2_14,Silt,Laminaria ochroleuca,15.10.24,14.998,05.11.24,NA,NA,NA,United Kingdom,2,14,1.5
L_2_14_2,54.72679,0.8721191090348435,0.12788089096515654,5.496,3.919114309,-9.578398182,02.11.25,"NBS22, IAEA603, USGS24, USGS41, USGS40",TRUE,1,FALSE,L_2_14,Silt,Laminaria ochroleuca,15.10.24,14.998,05.11.24,NA,NA,NA,United Kingdom,2,14,1.5
L_2_14_3,60.18418,0.8816157769852662,0.11838422301473384,5.427,5.145066162,-18.48406716,02.11.25,"NBS22, IAEA603, USGS24, USGS41, USGS40",TRUE,1,TRUE,L_2_14,Silt,Laminaria ochroleuca,15.10.24,14.998,05.11.24,NA,NA,NA,United Kingdom,2,14,2.5
L_2_14_3,60.18418,0.8816157769852662,0.11838422301473384,5.226,4.846944993,-17.61194991,02.11.25,"NBS22, IAEA603, USGS24, USGS41, USGS40",TRUE,1,FALSE,L_2_14,Silt,Laminaria ochroleuca,15.10.24,14.998,05.11.24,NA,NA,NA,United Kingdom,2,14,2.5
L_2_14_4,64.10948,0.8853837442543837,0.11461625574561629,5.398,3.898369768,-19.09558954,02.11.25,"NBS22, IAEA603, USGS24, USGS41, USGS40",TRUE,1,TRUE,L_2_14,Silt,Laminaria ochroleuca,15.10.24,14.998,05.11.24,NA,NA,NA,United Kingdom,2,14,3.5
L_2_14_4,64.10948,0.8853837442543837,0.11461625574561629,5.214,3.983464066,-16.91272392,02.11.25,"NBS22, IAEA603, USGS24, USGS41, USGS40",TRUE,1,FALSE,L_2_14,Silt,Laminaria ochroleuca,15.10.24,14.998,05.11.24,NA,NA,NA,United Kingdom,2,14,3.5
L_2_14_5,62.25582,0.8788010358355685,0.12119896416443154,5.099,4.167860256,-23.53754738,02.11.25,"NBS22, IAEA603, USGS24, USGS41, USGS40",TRUE,1,TRUE,L_2_14,Silt,Laminaria ochroleuca,15.10.24,14.998,05.11.24,NA,NA,NA,United Kingdom,2,14,4.5
L_2_14_5,62.25582,0.8788010358355685,0.12119896416443154,5.428,4.015157228,-21.91110533,02.11.25,"NBS22, IAEA603, USGS24, USGS41, USGS40",TRUE,1,FALSE,L_2_14,Silt,Laminaria ochroleuca,15.10.24,14.998,05.11.24,NA,NA,NA,United Kingdom,2,14,4.5
L_2_14_6,63.37886,0.887722145988821,0.11227785401117896,5.111,3.938977283,-24.05141445,02.11.25,"NBS22, IAEA603, USGS24, USGS41, USGS40",TRUE,1,TRUE,L_2_14,Silt,Laminaria ochroleuca,15.10.24,14.998,05.11.24,NA,NA,NA,United Kingdom,2,14,5.5
L_2_14_6,63.37886,0.887722145988821,0.11227785401117896,5.125,3.838337241,-22.90820587,02.11.25,"NBS22, IAEA603, USGS24, USGS41, USGS40",TRUE,1,FALSE,L_2_14,Silt,Laminaria ochroleuca,15.10.24,14.998,05.11.24,NA,NA,NA,United Kingdom,2,14,5.5
L_2_14_7,66.78964,0.8832824056264823,0.1167175943735177,5.092,3.709071094,-24.4764874,02.11.25,"NBS22, IAEA603, USGS24, USGS41, USGS40",TRUE,1,TRUE,L_2_14,Silt,Laminaria ochroleuca,15.10.24,14.998,05.11.24,NA,NA,NA,United Kingdom,2,14,6.5
L_2_14_7,66.78964,0.8832824056264823,0.1167175943735177,5.146,3.770547185,-23.037962,02.11.25,"NBS22, IAEA603, USGS24, USGS41, USGS40",TRUE,1,FALSE,L_2_14,Silt,Laminaria ochroleuca,15.10.24,14.998,05.11.24,NA,NA,NA,United Kingdom,2,14,6.5
L_2_14_8,66.02776,0.8890661093389058,0.11093389066109416,5.042,3.414752413,-25.0629726,02.11.25,"NBS22, IAEA603, USGS24, USGS41, USGS40",TRUE,1,TRUE,L_2_14,Silt,Laminaria ochroleuca,15.10.24,14.998,05.11.24,NA,NA,NA,United Kingdom,2,14,7.5
L_2_14_8,66.02776,0.8890661093389058,0.11093389066109416,5.292,3.57416533,-24.13237593,02.11.25,"NBS22, IAEA603, USGS24, USGS41, USGS40",TRUE,1,FALSE,L_2_14,Silt,Laminaria ochroleuca,15.10.24,14.998,05.11.24,NA,NA,NA,United Kingdom,2,14,7.5
L_2_14_9,69.13334,0.894496442079621,0.10550355792037902,5.173,3.423992501,-25.40778499,02.11.25,"NBS22, IAEA603, USGS24, USGS41, USGS40",TRUE,1,TRUE,L_2_14,Silt,Laminaria ochroleuca,15.10.24,14.998,05.11.24,NA,NA,NA,United Kingdom,2,14,8.5
L_2_14_9,69.13334,0.894496442079621,0.10550355792037902,5.069,3.421067359,-24.39311471,02.11.25,"NBS22, IAEA603, USGS24, USGS41, USGS40",TRUE,1,FALSE,L_2_14,Silt,Laminaria ochroleuca,15.10.24,14.998,05.11.24,NA,NA,NA,United Kingdom,2,14,8.5
L_2_14_10,75.00622,0.8963907661236222,0.10360923387637777,5.183,3.813979197,-25.47157215,02.11.25,"NBS22, IAEA603, USGS24, USGS41, USGS40",TRUE,1,TRUE,L_2_14,Silt,Laminaria ochroleuca,15.10.24,14.998,05.11.24,NA,NA,NA,United Kingdom,2,14,9.5
L_2_14_10,75.00622,0.8963907661236222,0.10360923387637777,5.422,3.582627139,-24.53975866,02.11.25,"NBS22, IAEA603, USGS24, USGS41, USGS40",TRUE,1,FALSE,L_2_14,Silt,Laminaria ochroleuca,15.10.24,14.998,05.11.24,NA,NA,NA,United Kingdom,2,14,9.5
L_2_14_11,107.8146,0.8920289550103109,0.10797104498968912,5.339,3.448091021,-24.84797212,02.11.25,"NBS22, IAEA603, USGS24, USGS41, USGS40",TRUE,1,TRUE,L_2_14,Silt,Laminaria ochroleuca,15.10.24,14.998,05.11.24,NA,NA,NA,United Kingdom,2,14,10.5
L_2_14_11,107.8146,0.8920289550103109,0.10797104498968912,4.031000000000001,3.385961241,-23.51790099,26.09.25,"NBS22, IAEA603, USGS24, USGS41, USGS40",TRUE,2,FALSE,L_2_14,Silt,Laminaria ochroleuca,15.10.24,14.998,05.11.24,NA,NA,NA,United Kingdom,2,14,10.5
L_2_16_1,62.88138,0.867346034097013,0.13265396590298695,5.434,3.147669024,-7.800236071,02.11.25,"NBS22, IAEA603, USGS24, USGS41, USGS40",TRUE,1,TRUE,L_2_16,Silt,Laminaria ochroleuca,15.10.24,1.041,12.11.24,NA,NA,NA,United Kingdom,2,16,0.5
L_2_16_2,57.4713,0.8922772875890178,0.10772271241098219,5.154,2.893661392,-19.57253278,02.11.25,"NBS22, IAEA603, USGS24, USGS41, USGS40",TRUE,1,TRUE,L_2_16,Silt,Laminaria ochroleuca,15.10.24,1.041,12.11.24,NA,NA,NA,United Kingdom,2,16,1.5
L_2_16_3,59.85156,0.8933857375539972,0.1066142624460028,5.377,3.113490358,-22.46581912,02.11.25,"NBS22, IAEA603, USGS24, USGS41, USGS40",TRUE,1,TRUE,L_2_16,Silt,Laminaria ochroleuca,15.10.24,1.041,12.11.24,NA,NA,NA,United Kingdom,2,16,2.5
L_2_16_4,69.64108,0.8969723106864822,0.1030276893135178,5.272,3.004204696,-23.65978628,02.11.25,"NBS22, IAEA603, USGS24, USGS41, USGS40",TRUE,1,TRUE,L_2_16,Silt,Laminaria ochroleuca,15.10.24,1.041,12.11.24,NA,NA,NA,United Kingdom,2,16,3.5
L_2_16_5,70.96126,0.8983723974723707,0.10162760252762926,5.012,3.567511375,-23.47367726,02.11.25,"NBS22, IAEA603, USGS24, USGS41, USGS40",TRUE,1,TRUE,L_2_16,Silt,Laminaria ochroleuca,15.10.24,1.041,12.11.24,NA,NA,NA,United Kingdom,2,16,4.5
L_2_16_6,65.71388,0.8982962868974429,0.1017037131025571,5.378,2.934534323,-24.97112993,02.11.25,"NBS22, IAEA603, USGS24, USGS41, USGS40",TRUE,1,TRUE,L_2_16,Silt,Laminaria ochroleuca,15.10.24,1.041,12.11.24,NA,NA,NA,United Kingdom,2,16,5.5
L_2_16_7,68.73502,0.8965503039003981,0.10344969609960186,5.377,3.495183495,-25.57021483,02.11.25,"NBS22, IAEA603, USGS24, USGS41, USGS40",TRUE,1,TRUE,L_2_16,Silt,Laminaria ochroleuca,15.10.24,1.041,12.11.24,NA,NA,NA,United Kingdom,2,16,6.5
L_2_16_8,84.03826,0.9062475384267988,0.09375246157320116,5.399,2.948328933,-25.5616118,02.11.25,"NBS22, IAEA603, USGS24, USGS41, USGS40",TRUE,1,TRUE,L_2_16,Silt,Laminaria ochroleuca,15.10.24,1.041,12.11.24,NA,NA,NA,United Kingdom,2,16,7.5
L_2_16_9,54.71501,0.8934271110298843,0.10657288897011574,5.27,2.921519865,-25.04415417,02.11.25,"NBS22, IAEA603, USGS24, USGS41, USGS40",TRUE,1,TRUE,L_2_16,Silt,Laminaria ochroleuca,15.10.24,1.041,12.11.24,NA,NA,NA,United Kingdom,2,16,8.5
L_2_16_10,44.04919,0.8755955364109851,0.12440446358901491,5.081,2.536838089,-25.35243278,02.11.25,"NBS22, IAEA603, USGS24, USGS41, USGS40",TRUE,1,TRUE,L_2_16,Silt,Laminaria ochroleuca,15.10.24,1.041,12.11.24,NA,NA,NA,United Kingdom,2,16,9.5
L_2_18_1,43.94516,0.831293156675371,0.16870684332462904,5.304,3.919501599,110.6612255,02.11.25,"NBS22, IAEA603, USGS24, USGS41, USGS40",TRUE,1,TRUE,L_2_18,Silt,Laminaria ochroleuca,15.10.24,7.527,12.11.24,NA,NA,NA,United Kingdom,2,18,0.5
L_2_18_2,52.894,0.8733584716485574,0.1266415283514426,5.242,3.248990605,-0.436069836,02.11.25,"NBS22, IAEA603, USGS24, USGS41, USGS40",TRUE,1,TRUE,L_2_18,Silt,Laminaria ochroleuca,15.10.24,7.527,12.11.24,NA,NA,NA,United Kingdom,2,18,1.5
L_2_18_3,61.27368,0.8890606052060133,0.11093939479398673,5.35,3.411612149,-11.51539686,02.11.25,"NBS22, IAEA603, USGS24, USGS41, USGS40",TRUE,1,TRUE,L_2_18,Silt,Laminaria ochroleuca,15.10.24,7.527,12.11.24,NA,NA,NA,United Kingdom,2,18,2.5
L_2_18_4,60.92646,0.8887999665233446,0.11120003347665541,5.416,3.766502151,-16.00000183,02.11.25,"NBS22, IAEA603, USGS24, USGS41, USGS40",TRUE,1,TRUE,L_2_18,Silt,Laminaria ochroleuca,15.10.24,7.527,12.11.24,NA,NA,NA,United Kingdom,2,18,3.5
L_2_18_5,65.81288,0.8846201272765287,0.11537987272347128,5.144,3.265959653,-19.02699263,02.11.25,"NBS22, IAEA603, USGS24, USGS41, USGS40",TRUE,1,TRUE,L_2_18,Silt,Laminaria ochroleuca,15.10.24,7.527,12.11.24,NA,NA,NA,United Kingdom,2,18,4.5
L_2_18_6,66.54456,0.8917825464949934,0.10821745350500656,5.089,3.341065226,-20.34508815,02.11.25,"NBS22, IAEA603, USGS24, USGS41, USGS40",TRUE,1,TRUE,L_2_18,Silt,Laminaria ochroleuca,15.10.24,7.527,12.11.24,NA,NA,NA,United Kingdom,2,18,5.5
L_2_18_7,68.9357,0.8952119226297424,0.10478807737025764,5.467,3.856435113,-21.90432338,02.11.25,"NBS22, IAEA603, USGS24, USGS41, USGS40",TRUE,1,TRUE,L_2_18,Silt,Laminaria ochroleuca,15.10.24,7.527,12.11.24,NA,NA,NA,United Kingdom,2,18,6.5
L_2_18_8,68.20744,0.8979563256357508,0.10204367436424922,5.392,3.114359746,-20.74678841,02.11.25,"NBS22, IAEA603, USGS24, USGS41, USGS40",TRUE,1,TRUE,L_2_18,Silt,Laminaria ochroleuca,15.10.24,7.527,12.11.24,NA,NA,NA,United Kingdom,2,18,7.5
L_2_18_9,72.11608,0.8997301863479333,0.10026981365206666,5.2,3.45777527,-28.25710909,02.11.25,"NBS22, IAEA603, USGS24, USGS41, USGS40",TRUE,1,TRUE,L_2_18,Silt,Laminaria ochroleuca,15.10.24,7.527,12.11.24,NA,NA,NA,United Kingdom,2,18,8.5
L_2_18_10,73.3702,0.8988226847781409,0.10117731522185913,5.069,2.918432969,-23.82884859,02.11.25,"NBS22, IAEA603, USGS24, USGS41, USGS40",TRUE,1,TRUE,L_2_18,Silt,Laminaria ochroleuca,15.10.24,7.527,12.11.24,NA,NA,NA,United Kingdom,2,18,9.5
L_2_18_11,104.96006,0.8932200069040795,0.10677999309592046,5.17,2.841485579,-24.94610763,02.11.25,"NBS22, IAEA603, USGS24, USGS41, USGS40",TRUE,1,TRUE,L_2_18,Silt,Laminaria ochroleuca,15.10.24,7.527,12.11.24,NA,NA,NA,United Kingdom,2,18,10.5
L_2_5_1,66.74296,0.8062458133923023,0.19375418660769772,3.998,4.7233889285,235.86534675000001,26.09.25,"NBS22, IAEA603, USGS24, USGS41, USGS40",TRUE,2,TRUE,L_2_5,Silt,Laminaria ochroleuca,15.10.24,7.551,22.10.24,NA,NA,NA,United Kingdom,2,5,0.5
L_2_5_2,55.54129,0.8801407870120812,0.1198592129879188,5.463,3.0814516260000002,-13.79720845,02.11.25,"NBS22, IAEA603, USGS24, USGS41, USGS40",TRUE,1,TRUE,L_2_5,Silt,Laminaria ochroleuca,15.10.24,7.551,22.10.24,NA,NA,NA,United Kingdom,2,5,1.5
L_2_5_3,62.3865,0.8802809044842543,0.11971909551574567,5.105,3.004950082,-19.92700799,02.11.25,"NBS22, IAEA603, USGS24, USGS41, USGS40",TRUE,1,TRUE,L_2_5,Silt,Laminaria ochroleuca,15.10.24,7.551,22.10.24,NA,NA,NA,United Kingdom,2,5,2.5
L_2_5_4,61.73832,0.8797560858731072,0.12024391412689284,5.087,2.9330053,-21.33017161,02.11.25,"NBS22, IAEA603, USGS24, USGS41, USGS40",TRUE,1,TRUE,L_2_5,Silt,Laminaria ochroleuca,15.10.24,7.551,22.10.24,NA,NA,NA,United Kingdom,2,5,3.5
L_2_5_5,67.68648,0.8832104395071307,0.11678956049286926,5.084,3.757621732,-22.97858673,02.11.25,"NBS22, IAEA603, USGS24, USGS41, USGS40",TRUE,1,TRUE,L_2_5,Silt,Laminaria ochroleuca,15.10.24,7.551,22.10.24,NA,NA,NA,United Kingdom,2,5,4.5
L_2_5_6,60.18074,0.8777602859209466,0.12223971407905343,5.398,3.187149527,-23.98972601,02.11.25,"NBS22, IAEA603, USGS24, USGS41, USGS40",TRUE,1,TRUE,L_2_5,Silt,Laminaria ochroleuca,15.10.24,7.551,22.10.24,NA,NA,NA,United Kingdom,2,5,5.5
L_2_5_7,72.3346,0.8903223030779828,0.10967769692201723,5.37,3.352858684,-27.58851938,02.11.25,"NBS22, IAEA603, USGS24, USGS41, USGS40",TRUE,1,TRUE,L_2_5,Silt,Laminaria ochroleuca,15.10.24,7.551,22.10.24,NA,NA,NA,United Kingdom,2,5,6.5
L_2_5_8,67.50368,0.8912355361727576,0.10876446382724236,5.034,2.759486483,-30.62357817,02.11.25,"NBS22, IAEA603, USGS24, USGS41, USGS40",TRUE,1,TRUE,L_2_5,Silt,Laminaria ochroleuca,15.10.24,7.551,22.10.24,NA,NA,NA,United Kingdom,2,5,7.5
L_2_5_9,81.12584,0.897712812455047,0.10228718754495303,5.19,2.475645679,-24.26095776,02.11.25,"NBS22, IAEA603, USGS24, USGS41, USGS40",TRUE,1,TRUE,L_2_5,Silt,Laminaria ochroleuca,15.10.24,7.551,22.10.24,NA,NA,NA,United Kingdom,2,5,8.5
L_2_5_10,66.37938,0.8846940239615471,0.11530597603845294,6.053,3.0583433743333335,-24.221466386666666,26.09.25,"NBS22, IAEA603, USGS24, USGS41, USGS40",TRUE,3,TRUE,L_2_5,Silt,Laminaria ochroleuca,15.10.24,7.551,22.10.24,NA,NA,NA,United Kingdom,2,5,9.5
L_2_8_1,38.00113,0.6787596099547794,0.32124039004522065,5.058,6.126279591,587.7634386,02.11.25,"NBS22, IAEA603, USGS24, USGS41, USGS40",TRUE,1,TRUE,L_2_8,Silt,Laminaria ochroleuca,15.10.24,15.003,22.10.24,NA,NA,NA,United Kingdom,2,8,0.5
L_2_8_2,69.63736,0.8751990667951517,0.12480093320484831,5.405,2.944853215,-12.06193818,02.11.25,"NBS22, IAEA603, USGS24, USGS41, USGS40",TRUE,1,TRUE,L_2_8,Silt,Laminaria ochroleuca,15.10.24,15.003,22.10.24,NA,NA,NA,United Kingdom,2,8,1.5
L_2_8_3,69.29716,0.8792295800351034,0.12077041996489657,5.413,2.555958689,-19.68336175,02.11.25,"NBS22, IAEA603, USGS24, USGS41, USGS40",TRUE,1,TRUE,L_2_8,Silt,Laminaria ochroleuca,15.10.24,15.003,22.10.24,NA,NA,NA,United Kingdom,2,8,2.5
L_2_8_4,73.1798,0.889674326141612,0.11032567385838798,5.282,3.083515771,-21.60204933,02.11.25,"NBS22, IAEA603, USGS24, USGS41, USGS40",TRUE,1,TRUE,L_2_8,Silt,Laminaria ochroleuca,15.10.24,15.003,22.10.24,NA,NA,NA,United Kingdom,2,8,3.5
L_2_8_5,76.79746,0.8918382930567527,0.10816170694324734,5.443,2.939085273,-22.57553683,02.11.25,"NBS22, IAEA603, USGS24, USGS41, USGS40",TRUE,1,TRUE,L_2_8,Silt,Laminaria ochroleuca,15.10.24,15.003,22.10.24,NA,NA,NA,United Kingdom,2,8,4.5
L_2_8_6,89.20642,0.8988216547638986,0.10117834523610136,5.349,2.958707594,-24.05874959,02.11.25,"NBS22, IAEA603, USGS24, USGS41, USGS40",TRUE,1,TRUE,L_2_8,Silt,Laminaria ochroleuca,15.10.24,15.003,22.10.24,NA,NA,NA,United Kingdom,2,8,5.5
L_2_8_7,62.92832,0.8928234071695081,0.10717659283049186,5.306,2.645775599,-24.20703502,02.11.25,"NBS22, IAEA603, USGS24, USGS41, USGS40",TRUE,1,TRUE,L_2_8,Silt,Laminaria ochroleuca,15.10.24,15.003,22.10.24,NA,NA,NA,United Kingdom,2,8,6.5
L_2_8_8,81.4357,0.8983050847457626,0.10169491525423735,5.021,2.736883559,-25.05652291,02.11.25,"NBS22, IAEA603, USGS24, USGS41, USGS40",TRUE,1,TRUE,L_2_8,Silt,Laminaria ochroleuca,15.10.24,15.003,22.10.24,NA,NA,NA,United Kingdom,2,8,7.5
L_2_8_9,75.311,0.8970661759230696,0.10293382407693041,5.395,2.821303952,-25.24171258,02.11.25,"NBS22, IAEA603, USGS24, USGS41, USGS40",TRUE,1,TRUE,L_2_8,Silt,Laminaria ochroleuca,15.10.24,15.003,22.10.24,NA,NA,NA,United Kingdom,2,8,8.5
L_2_8_10,86.95368,0.9028012745332074,0.09719872546679265,5.111,2.750950764,-25.04882514,02.11.25,"NBS22, IAEA603, USGS24, USGS41, USGS40",TRUE,1,TRUE,L_2_8,Silt,Laminaria ochroleuca,15.10.24,15.003,22.10.24,NA,NA,NA,United Kingdom,2,8,9.5
L_2_8_11,190.6667,0.8927945009779616,0.10720549902203835,5.344,2.622502911,-24.58743449,02.11.25,"NBS22, IAEA603, USGS24, USGS41, USGS40",TRUE,1,TRUE,L_2_8,Silt,Laminaria ochroleuca,15.10.24,15.003,22.10.24,NA,NA,NA,United Kingdom,2,8,10.5
